stock_id,100plus_curr,400plus_curr,1000plus_curr,100plus_prev,400plus_prev,1000plus_prev,diff_100plus,diff_400plus,diff_1000plus,股票名稱
3356,100.0,100.0,100.0,47.62288024018175,34.855012694546495,29.28005765760611,52.37711975981825,65.1449873054535,70.71994234239389,奇偶
3710,100.0,100.0,100.0,51.39183839300476,32.899670501799314,22.16430785517157,48.60816160699524,67.1003294982007,77.83569214482843,連展投控
3591,100.0,100.0,100.0,63.30619481468182,53.702339692586335,47.20333378190673,36.69380518531818,46.297660307413665,52.79666621809327,艾笛森
6168,58.80330771404941,52.21108800461948,49.12042590451471,52.545249154385075,45.589792441600956,43.04820018561171,6.2580585596643346,6.621295563018521,6.072225718902999,宏齊
00847B,60.668672798948755,32.8515111695138,0.0,56.78593955321944,24.231274638633376,0.0,3.8827332457293124,8.620236530880423,0.0,中信美國市政債
6683,49.89992799606542,22.069102508828458,11.2420720452373,46.16085175947253,20.436526983727635,11.2420720452373,3.7390762365928936,1.6325755251008225,0.0,雍智科技
6226,43.03591708641109,32.60229176512367,24.980130443653643,39.365912547778144,29.675168230064454,20.739070203348014,3.670004538632945,2.927123535059213,4.241060240305629,光鼎
6667,59.844886798111204,54.91632229083041,50.43745869163523,56.4076905322398,51.04952470711691,46.21328229104567,3.437196265871407,3.866797583713499,4.224176400589556,信紘科
6227,78.60325337786713,73.82249314186373,67.6076935049192,75.53274863370044,70.49555110952198,67.6076935049192,3.0705047441666977,3.326942032341748,0.0,茂綸
9958,57.30781611677314,48.76679969005982,41.23670185238171,54.68274267698189,46.442481513470426,40.706778279082876,2.625073439791251,2.3243181765893937,0.5299235732988308,世紀鋼
4956,48.205730852596595,39.49965717951663,34.038434855084994,45.74555816317697,37.892923445044886,31.975984519835603,2.460172689419622,1.6067337344717458,2.062450335249391,光鋐
6133,59.71170576516166,50.863319369811,42.96123420505909,57.33684548627785,47.65333649487266,42.942431797728766,2.3748602788838085,3.2099828749383406,0.018802407330326787,金橋
3605,73.43048388266112,67.4970850937894,59.98718062913374,71.08616233019922,65.47738134594007,57.437568436485854,2.3443215524619063,2.01970374784932,2.549612192647885,宏致
6186,64.46948726679483,53.38956300617135,48.629382168154635,62.13336229201285,51.482449647755644,47.5013744718151,2.3361249747819812,1.9071133584157067,1.1280076963395373,新潤
5548,77.35165908921675,65.00129584162345,58.19095487638582,75.13119816966734,65.23560250759894,58.33323037182366,2.22046091954941,-0.23430666597549532,-0.14227549543784335,安倉
2489,38.38750557377049,31.76821819672131,27.853963606557375,36.21022147540984,29.698696393442624,25.27814770491803,2.1772840983606514,2.069521803278686,2.575815901639345,瑞軒
2493,59.64587197345759,52.40569841963227,42.592950952978406,57.48314176396598,49.70896820924159,40.356081548508676,2.162730209491606,2.696730210390683,2.2368694044697293,揚博
2484,29.203312346096993,24.24839178361308,16.573704439054467,27.157182570313722,22.8307895303795,14.837327413444884,2.046129775783271,1.4176022532335786,1.736377025609583,希華
6179,62.73644891011647,50.23837593212859,40.35804404744123,60.70793675745584,48.35242382348562,37.228985780061436,2.028512152660632,1.885952108642968,3.129058267379797,亞通
00781B,44.194205522861026,30.805794477138974,16.976007243096426,42.16650671785029,24.172264875239925,17.994241842610364,2.0276988050107363,6.633529601899049,-1.0182345995139386,國泰A級科技債
8103,62.72900847615014,50.77068862343738,33.79569614829778,60.72208495437038,47.546933755003444,30.782832433059276,2.006923521779761,3.223754868433936,3.0128637152385025,瀚荃
6147,69.86844227112793,65.40728285385467,60.643781923161136,67.89669154927329,63.47842437401271,58.66178257090831,1.9717507218546473,1.9288584798419564,1.9819993522528279,頎邦
6588,39.23281074729491,24.0960322989439,18.13587140939733,37.3677484613118,22.67618132998279,18.13587140939733,1.8650622859831145,1.4198509689611107,0.0,東典光電
3231,75.73584396564222,70.94114744170442,66.76231063244006,73.87580855000103,68.70116168688737,64.43616223601357,1.8600354156411925,2.2399857548170417,2.3261483964264897,緯創
4916,33.478832988741466,27.164673024622747,22.36641933963005,31.623790354580027,25.166030008460737,20.0534428135775,1.855042634161439,1.99864301616201,2.312976526052548,事欣科
5425,42.633226863964715,35.20560787169886,28.29472170622711,40.84166024993119,33.617176545352486,28.159663033583566,1.7915666140335276,1.5884313263463739,0.1350586726435452,台半
3066,82.14235258071771,72.07603935793804,68.99814822599357,80.40514737028782,71.1077390401313,68.77664991802396,1.7372052104298916,0.9683003178067366,0.22149830796961112,李洲
4961,59.42831570951339,48.397306593850246,36.737756155584094,57.745945908098086,46.75059264012138,36.707468395805115,1.6823698014153052,1.646713953728863,0.030287759778978796,天鈺
2481,62.036132340659535,56.638574988166226,51.46810881116309,60.37583399614221,55.274416432310694,50.819544142016724,1.6602983445173223,1.364158555855532,0.6485646691463671,強茂
5222,47.996083283269805,32.89164957331591,24.176649198494943,46.36443658339611,31.93966992668793,21.157012642243124,1.6316466998736914,0.9519796466279793,3.019636556251818,全訊
3675,66.82777612685669,56.95298325190754,55.16733099409111,65.2666728020997,57.88289903470213,55.16733099409111,1.561103324756985,-0.9299157827945876,0.0,德微
6426,68.91528993222363,50.294177984367295,38.79754862499675,67.37587836609625,50.48307408657716,41.9282037965151,1.5394115661273844,-0.18889610220986697,-3.130655171518349,統新
3094,36.49209731105959,22.94781401692256,14.988823778465099,35.02729504879556,20.917677951883036,15.961036604638549,1.4648022622640298,2.0301360650395246,-0.9722128261734504,聯傑
6693,61.76970909886265,40.586362642169725,31.394378827646545,60.46826115485564,41.0939435695538,31.394378827646545,1.301447944007009,-0.5075809273840761,0.0,廣閎科
6257,57.571228837785846,47.42341724815544,37.892456861891255,56.29248190775055,46.23767249573567,36.99692315131672,1.2787469300352967,1.1857447524197653,0.8955337105745329,矽格
2061,62.21432195014219,47.53759678003708,30.52811203838011,60.944979449633465,47.60730984732629,30.423542437446287,1.2693425005087278,-0.06971306728921434,0.10456960093382506,風青
5483,65.22391162989598,59.64486139910456,52.96987889761695,63.96386403365535,58.28727249261269,51.157531953018854,1.2600475962406321,1.3575889064918698,1.8123469445980973,中美晶
3105,61.838949978400734,53.99480531677775,48.257704083223175,60.62719092125934,52.93216533954925,47.25362705714773,1.2117590571413928,1.0626399772284998,1.0040770260754428,穩懋
6130,76.42492494929006,65.2618032454361,48.99044219066937,75.24295464362851,63.12325917926566,45.635611231101514,1.181970305661551,2.1385440661704394,3.354830959567856,上亞科技
1560,79.54545355796128,66.04065364944266,50.31457848817019,78.37470384264498,64.70339491931458,49.14777922805775,1.1707497153163047,1.3372587301280845,1.166799260112441,中砂
4923,55.48918060574367,39.29051609445154,23.32720016965287,54.32487096364245,39.3026253587353,23.361325125719144,1.1643096421012231,-0.012109264283758137,-0.0341249560662753,力士
6224,55.955089032784855,43.137454928819785,28.932757957550088,54.79776190096274,42.28657405040303,26.195820460141444,1.1573271318221146,0.8508808784167528,2.7369374974086433,聚鼎
6182,32.35823947798986,26.67956055693159,22.905709884418858,31.261700759567734,25.38534297368818,21.82917164976734,1.0965387184221278,1.2942175832434124,1.0765382346515189,合晶
5285,71.85442437086469,64.18912740952585,53.596563794413235,70.76073378636333,63.453398100287714,51.383684032816404,1.0936905845013598,0.7357293092381383,2.212879761596831,界霖
3339,41.9515204684512,27.16483972100835,15.427958953435795,40.87112634692488,27.498331788554008,15.391905756944372,1.080394121526318,-0.3334920675456594,0.03605319649142302,泰谷
6174,67.512454,62.929524,56.735524000000005,66.47613799999999,62.107524000000005,56.735524000000005,1.0363160000000136,0.8219999999999956,0.0,安碁
00782B,39.13518386035198,24.88467591930176,14.346892736204511,38.10837934235599,22.471691014804318,14.517423169003763,1.0268045179959913,2.412984904497442,-0.17053043279925184,國泰A級公用債
5269,69.14098088337913,60.34548432994128,54.7482583388432,68.13129943448276,59.555223038930485,54.67813623373823,1.009681448896373,0.7902612910107933,0.07012210510497141,祥碩
6207,24.34127844761604,15.669979028784944,7.863151373301938,23.368215120540185,16.755578333165687,8.94371811508229,0.973063327075856,-1.085599304380743,-1.0805667417803528,雷科
6005,77.67020360271209,70.42653239720535,66.88959898554157,76.73809731062052,70.08564775738638,66.31296105944737,0.932106292091575,0.34088463981896666,0.5766379260941932,群益證
3031,65.33122385758824,61.08163841107254,58.01406040802104,64.40631093564402,60.5250650530616,57.37389853666927,0.9249129219442267,0.5565733580109367,0.6401618713517649,佰鴻
6432,40.64358630623537,31.075303462108856,16.626161385165318,39.7284175728874,31.072812949529737,16.626161385165318,0.9151687333479686,0.0024905125791185867,0.0,今展科
6643,47.041559675045804,37.21981100024026,33.41343627053489,46.144899502958225,37.17872246373547,33.41343627053489,0.8966601720875786,0.041088536504794604,0.0,M31
6150,25.657144021370133,16.228158346551425,12.01703099026734,24.770127240142074,16.152098255935833,12.01703099026734,0.8870167812280592,0.07606009061559149,0.0,撼訊
3580,34.5157999270192,12.47380047410916,7.2143668649852986,33.63927537360222,13.35905809725944,7.2143668649852986,0.876524553416985,-0.8852576231502809,0.0,友威科
6491,75.51345,64.60683717948717,52.20722820512821,74.63947051282051,65.72482051282051,51.97171538461538,0.873979487179497,-1.117983333333342,0.23551282051283096,晶碩
3491,56.50894319282176,35.74729934725066,21.918739338094365,55.64445526405192,36.02344447452134,21.80809641723636,0.8644879287698402,-0.27614512727068075,0.11064292085800531,昇達科
00842B,60.32056323792897,43.45558414113107,33.10515918592365,59.46416043635679,42.375511355621384,33.878779329477595,0.8564028015721803,1.0800727855096852,-0.7736201435539485,台新美元銀行債
7799,85.51074036628616,79.5898502865621,70.562337820876,84.6571264911089,79.3895228764512,70.6136717197169,0.8536138751772597,0.20032741011090138,-0.05133389884090889,禾榮科
3022,72.72622267809807,65.5080643987674,59.69522495156932,71.88717084171891,64.64055014504994,58.74482177834728,0.8390518363791557,0.8675142537174594,0.9504031732220426,威達電
3455,48.29541317360267,31.110879980618456,11.280572089739895,47.46290063198874,30.334159555226957,12.922411164438207,0.8325125416139301,0.776720425391499,-1.6418390746983125,由田
6668,63.63895929096066,54.369988328643856,52.329491834405786,62.81488045768513,54.094586184799674,51.41591757361338,0.8240788332755358,0.2754021438441825,0.9135742607924087,中揚光
3349,75.71668588251079,49.916115396106804,26.90273241942645,74.91847480689209,47.60356955323152,20.64907684656733,0.7982110756186955,2.3125458428752808,6.25365557285912,寶德
8021,57.133493007073454,48.232411425294806,37.25572642942942,56.33643188635434,47.55326631316825,34.82650076216108,0.7970611207191141,0.6791451121265553,2.4292256672683408,尖點
6126,47.35130665897964,36.945194333768086,32.471743397015,46.55468803863729,36.54461943541148,32.504322844426795,0.7966186203423504,0.4005748983566093,-0.03257944741179841,信音
6811,74.65810031605105,66.41639846558421,61.941180728123726,73.86545875654419,65.47307052039855,61.99667060725229,0.7926415595068619,0.9433279451856578,-0.05548987912856518,宏碁資訊
6485,39.355102772755416,25.87732640455353,19.10338179353916,38.58666293913717,25.638336787990617,19.10338179353916,0.7684398336182454,0.23898961656291107,0.0,點序
1569,65.23970986771266,51.216331109818434,42.665437648907755,64.50252590616148,50.90584102632365,43.16111368658526,0.7371839615511817,0.31049008349478413,-0.4956760376775051,濱川
3717,50.9773954363332,37.56790104370799,27.95091649092494,50.24735269369409,36.68822628922992,26.85305393462592,0.7300427426391067,0.8796747544780743,1.0978625562990203,聯嘉投控
3042,62.83656640882008,53.96088160652132,47.29397093096698,62.10732143545881,53.67292410199275,47.061161786898545,0.7292449733612756,0.2879575045285705,0.23280914406843323,晶技
6206,66.12998891308378,54.895646040253055,45.4685966096846,65.4124415034667,54.723723067716975,45.429384329028515,0.7175474096170831,0.17192297253608047,0.03921228065608773,飛捷
3073,72.52000125129622,57.73274995527831,37.941376772074875,71.80913136453954,57.68719305405063,37.900881748761385,0.710869886756683,0.04555690122767686,0.04049502331348975,天方能源
3221,36.8035781962737,24.997267814473506,9.129902015645227,36.09574164811794,24.142503786817713,9.129902015645227,0.7078365481557611,0.8547640276557935,0.0,台嘉碩
6603,66.93436163025942,54.531437233551785,39.04245748280133,66.24387867614323,53.44287719352477,39.871316525928776,0.6904829541161916,1.0885600400270121,-0.8288590431274443,富強鑫
3577,77.83169977175093,66.58118693793371,50.22093810251573,77.15440660005456,65.91051450690263,50.22093810251573,0.6772931716963768,0.670672431031079,0.0,泓格
4510,42.551846650788924,35.33205832046924,29.65394469056814,41.87712527378531,35.04033906966161,29.65394469056814,0.674721377003614,0.29171925080762406,0.0,高鋒
2221,75.93650324867099,68.8651766095688,66.93251269935027,75.26184288245717,66.59028706438275,64.24615711754282,0.6746603662138142,2.2748895451860562,2.6863555818074474,大甲
3379,38.33756535057222,27.41488640322206,24.7887531351083,37.66714137320925,27.41488640322206,24.7887531351083,0.6704239773629723,0.0,0.0,彬台
6669,75.22107285523057,63.08302218845482,53.3087109468376,74.56843779986787,60.30613337087796,51.7436371224771,0.6526350553627083,2.776888817576861,1.5650738243605034,緯穎
4737,80.42819801139291,63.21081681045043,49.068589624416404,79.78500925538428,62.84298501765815,48.906517937993996,0.6431887560086267,0.3678317927922805,0.16207168642240788,華廣
6204,33.41522494944178,29.724626527135218,25.647309679474752,32.77458566501371,29.724626527135218,25.647309679474752,0.6406392844280688,0.0,0.0,艾華
6243,26.68712680318014,20.77458974485342,17.67440876164689,26.049571271329874,20.77017169491925,17.67440876164689,0.6375555318502641,0.004418049934169943,0.0,迅杰
4927,40.89407593749825,27.8391300382337,17.76305933145382,40.26152527435967,27.394770583069423,17.218152196430207,0.6325506631385807,0.4443594551642782,0.5449071350236139,泰鼎-KY
6651,73.30443751045654,51.84110441786394,32.44424576350516,72.69421035323253,51.799591815867394,32.47498427887937,0.6102271572240028,0.04151260199654416,-0.03073851537421035,全宇昕
5481,78.97586527693956,65.13999832303709,56.07313855121077,78.36601181876516,64.37672390603905,54.40233785491962,0.6098534581743991,0.7632744169980441,1.6708006962911455,新華
4563,62.44432757051865,54.2781110100091,49.6023457688808,61.83666969972702,54.2781110100091,49.6023457688808,0.607657870791634,0.0,0.0,百德
00948B,89.74860084272245,82.01041671268884,78.86588693818206,89.14308382802749,80.97642392440589,77.65989340168696,0.6055170146949678,1.0339927882829443,1.2059935364951002,中信優息投資級債
3043,38.989733945059115,19.701313902937407,14.401962005287713,38.38646986473652,19.714142430627298,14.401962005287713,0.6032640803225959,-0.012828527689890734,0.0,科風
6620,75.50516773214429,63.78717860200419,50.1953393713411,74.90691515159183,62.721017171149384,49.59731030913612,0.5982525805524546,1.0661614308548053,0.5980290622049793,漢達
3041,34.753290132173206,26.023824474901225,22.098087226505776,34.165464260104436,25.07421733225923,21.70634671910937,0.5878258720687697,0.9496071426419945,0.3917405073964062,揚智
5347,87.62438106327214,84.41923244772023,81.07709575672403,87.0371054642879,83.89126468477393,80.19583460778841,0.5872755989842346,0.5279677629463038,0.8812611489356215,世界
5487,82.18514542419953,71.32777206133335,47.88297796975343,81.59891400216227,71.22869069422846,47.78389660264855,0.5862314220372582,0.09908136710488691,0.09908136710488691,通泰
6885,55.735230167018535,36.86427095620553,22.462406178859347,55.15423030976942,35.966443023614005,22.44737976994568,0.5809998572491182,0.8978279325915253,0.015026408913666245,全福生技
1558,55.80214285035813,39.15924212471092,16.74336925596962,55.2280878759828,38.624912492139416,16.36838260712133,0.5740549743753292,0.5343296325715059,0.3749866488482887,伸興
3014,45.49089241072431,32.04643290455379,20.83673256592286,44.91914404007218,31.045728035056243,20.74067650165777,0.5717483706521236,1.0007048694975467,0.09605606426508828,聯陽
5213,90.08810967871688,86.96953676877024,85.01472415576083,89.51948933038852,86.28629202376264,84.1696650382336,0.5686203483283521,0.6832447450075989,0.845059117527228,亞昕
8028,57.521314629111366,47.98109437632025,36.802621514179165,56.96149834383718,47.76211602288333,35.85475010652065,0.5598162852741879,0.21897835343691696,0.9478714076585177,昇陽半
2474,77.26429843311176,72.136629408856,67.80126904763122,76.70614653842749,71.65735434828989,66.98497245842658,0.5581518946842721,0.4792750605661098,0.8162965892046401,可成
6596,35.991834210526314,26.814302631578947,22.735755263157895,35.43844736842105,26.814302631578947,22.735755263157895,0.5533868421052617,0.0,0.0,寬宏藝術
4741,66.29976623918382,49.4093587458537,40.074504024881705,65.74778254409914,49.25998530567508,40.074504024881705,0.5519836950846866,0.1493734401786213,0.0,泓瀚
6245,59.33759495190392,45.11987905623599,41.60037170609635,58.78721070797744,44.913949382525765,40.048845664627876,0.5503842439264801,0.20592967371022297,1.5515260414684704,立端
6840,70.48371626689512,53.424260628130746,37.6034521250119,69.93873397619875,54.959083896019344,37.66827306444922,0.5449822906963675,-1.5348232678885978,-0.06482093943731826,東研信超
4588,62.98933116203327,50.30603698964755,37.41549377689892,62.4520321042224,50.31301616843085,37.42247295568221,0.5372990578108698,-0.006979178783296902,-0.006979178783289797,玖鼎電力
3264,80.39628188155655,73.29124819932909,66.8011690293391,79.8624898105775,72.89393957210885,66.34432474005206,0.5337920709790467,0.39730862722024085,0.4568442892870479,欣銓
00980B,62.575900240810924,47.68745729806418,39.56895592600198,62.043736116037266,46.9835520543598,38.8650506822976,0.5321641247736579,0.7039052437043836,0.7039052437043836,台新特選IG債10+
3176,51.746466996521455,37.32829466884072,30.454063767403095,51.220557107944984,36.736076437930095,28.65227748647221,0.5259098885764715,0.5922182309106248,1.8017862809308838,基亞
4770,76.70749724917475,64.5636966089827,59.707696058817646,76.18536060818245,64.2176865559668,59.707696058817646,0.5221366409923007,0.3460100530159025,0.0,上品
3592,48.86096311940327,36.10270833548107,24.879194216625233,48.34680210431381,37.96091913298103,24.884344817587124,0.5141610150894635,-1.8582107974999644,-0.005150600961890461,瑞鼎
2468,57.22957004383955,50.777368197071496,50.025523415112275,56.723365530538196,51.576499155982766,50.025523415112275,0.5062045133013555,-0.7991309589112703,0.0,華經
4123,69.28017580050992,59.20084221189725,52.66655233309924,68.7744633026768,58.498137205649925,52.29883646657949,0.505712497833116,0.7027050062473279,0.3677158665197524,晟德
6716,66.47919995804484,34.83614441911454,22.24674419332121,65.9754272676897,35.03785189605359,22.41207819081223,0.5037726903551487,-0.201707476939049,-0.16533399749102173,應廣
4739,49.1036308246607,38.426556842756874,31.322465818504526,48.60546324307723,38.15348995569565,30.83309117015169,0.4981675815834663,0.2730668870612263,0.48937464835283606,康普材料
00981D,71.51074750384025,44.736843509984645,31.231092741935484,71.01298342328451,44.369501542020046,30.238849460292982,0.49776408055573995,0.36734196796459884,0.9922432816425015,主動中信非投等債
00694B,71.10384754859298,63.3485639686684,56.88279663475486,70.60683565419204,63.341311285175514,56.87554395126197,0.4970118944009414,0.007252683492886547,0.007252683492893652,富邦美債1-3
4949,64.55812075361801,52.301053150643426,41.15385679105325,64.0750242177684,52.409351940601134,41.29649897300406,0.48309653584961154,-0.1082987899577077,-0.14264218195081213,有成精密
00864B,58.80792796372898,34.72561369917451,27.298210834341862,58.33263920825592,34.41883427457184,26.539361858685456,0.47528875547305915,0.3067794246026665,0.7588489756564059,中信美國公債0-1
3548,43.58674275130441,32.82845898569365,24.269775405739757,43.113696491248135,32.43769814895524,24.54948783419386,0.4730462600562788,0.39076083673840856,-0.27971242845410416,兆利
6199,89.86654764252174,83.77601023367576,79.08333349255176,89.39784959259565,82.07258618350791,76.08139136228878,0.46869804992608977,1.703424050167854,3.001942130262975,天品
2236,82.94197688582175,74.03248470426011,66.58577497764693,82.47383473459529,73.48719789048079,65.81062855707741,0.4681421512264592,0.5452868137793274,0.7751464205695271,百達-KY
2243,80.69071779990684,67.54035446407325,53.78420307620186,80.22642763042835,67.91499648019462,55.31056356744748,0.4642901694784882,-0.3746420161213706,-1.5263604912456188,宏旭-KY
4543,54.88557408699347,46.95793034566179,42.00070099360406,54.42755256197269,46.94962716843755,42.00070099360406,0.45802152502078286,0.008303177224235014,0.0,萬在
6405,66.04099848024316,52.22028419452888,37.4181914893617,65.58751215805471,52.40579027355623,37.56104863221885,0.45348632218845353,-0.1855060790273484,-0.1428571428571459,悅城
3357,70.3844829638471,57.499817579339094,41.624066407267925,69.93143996244113,57.270062649588695,41.15607339290004,0.4530430014059732,0.22975492975039913,0.46799301436788454,臺慶科
00987B,72.41517585609665,54.28988639927994,39.14812415617712,71.96533710936951,54.34227711806189,39.46036003196545,0.4498387467271385,-0.052390718781943235,-0.3122358757883319,野村10+澳洲公債
3625,58.40343313003217,48.71352112245804,37.64719815042466,57.95440509847259,48.626866590051804,37.58242607569676,0.44902803155957827,0.08665453240623577,0.06477207472789814,西勝
2756,83.44738654007645,71.15615094555628,53.580132097526324,83.00007025080187,71.58302213745871,53.580132097526324,0.4473162892745819,-0.4268711919024355,0.0,聯發國際
3617,80.68582075509997,66.8670387234873,52.68404337690081,80.24121555244125,66.31100283616705,52.68404337690081,0.44460520265872105,0.5560358873202489,0.0,碩天
3062,34.190343074273784,23.87189075649117,15.871343752717697,33.74613684416874,23.592246453271777,16.272748776486683,0.44420623010504556,0.27964430321939204,-0.40140502376898546,建漢
4577,66.21835305540938,61.8608861516906,55.74644901080422,65.7744399761667,61.372465764681735,55.74644901080422,0.44391307924267664,0.4884203870088655,0.0,達航科技
4736,61.43739473925669,51.30627988083477,44.46997445406485,60.998545638036525,51.186751037114554,44.493041423905595,0.4388491012201641,0.11952884372021799,-0.023066969840748186,泰博
3011,50.220252865857375,35.78299115250669,27.18177801340571,49.78364995458248,36.05600552730939,28.413186885632406,0.43660291127489614,-0.27301437480269897,-1.2314088722266945,今皓
3312,50.32107524845133,44.373605814677326,42.47033219081218,49.88559922046497,44.123160665097295,42.50154337959626,0.4354760279863612,0.25044514958003106,-0.031211188784077137,弘憶股
6292,57.12724947206815,46.93429576784149,39.7240561474683,56.693779700189985,46.887086188726045,39.7240561474683,0.4334697718781655,0.04720957911544588,0.0,迅德
8261,49.265157882812225,41.9584373082836,38.2732327143756,48.83375232032284,42.25927246509801,37.42950411518433,0.4314055624893882,-0.30083515681440787,0.8437285991912731,富鼎
3005,80.23726433467887,73.5764382418382,68.51283984790264,79.81575997306406,73.17641767223583,68.48210912176404,0.421504361614808,0.40002056960237553,0.030730726138600062,神基
3687,45.1672033971252,37.34178385455957,32.52741604310362,44.74631058185087,37.34178385455957,32.52741604310362,0.4208928152743283,0.0,0.0,歐買尬
4566,60.191803068493265,53.48835785165213,49.098895233936105,59.78089044647336,53.5059601231505,49.10109744288121,0.4109126220199073,-0.017602271498368793,-0.0022022089451070315,時碩工業
6221,81.24587018332468,74.81704023254402,72.35599183133871,80.84068362168276,74.51279179634243,72.39632105874945,0.40518656164192635,0.3042484362015898,-0.04032922741073719,晉泰
2637,89.79899442530852,84.08706294628612,78.50156412662326,89.39544580827172,83.65355891065325,78.58292298458127,0.40354861703680456,0.433504035632879,-0.08135885795800846,慧洋-KY
5460,66.76578176270664,57.09126166484031,38.44285621199586,66.36681874704078,57.08700327826013,37.19919636776468,0.39896301566585635,0.004258386580183071,1.243659844231182,同協
3615,38.83895792330597,31.906859739212084,24.61342531032771,38.44297577857097,31.968203181633143,24.658702613067067,0.39598214473500093,-0.061343442421058825,-0.045277302739357594,安可
8114,64.4277098438135,46.216762446722996,32.49576078760969,64.03497870534565,47.02315183806696,32.612977634556735,0.3927311384678518,-0.8063893913439628,-0.11721684694704493,振樺電
6856,88.19714184397162,83.62202482269504,74.2872340425532,87.80682978723404,83.59720212765957,74.2872340425532,0.39031205673758507,0.024822695035467746,0.0,鑫傳
5284,68.99150871208406,57.09806212704317,49.637406368665395,68.6015284949716,57.29050084299941,49.756515471147495,0.389980217112452,-0.19243871595623574,-0.11910910248209916,jpp-KY
3306,54.923626052018726,48.61203932950759,43.143747171132176,54.53452717532995,48.843399370317194,43.143747171132176,0.3890988766887773,-0.23136004080960504,0.0,鼎天
5488,62.66164621182134,46.40448044291076,34.181929131535256,62.27392918167385,46.25926193797654,34.16009176237221,0.3877170301474919,0.1452185049342205,0.021837369163044684,松普
4526,53.76940466162971,47.302250530410966,40.53448515301557,53.3827505456743,47.18047000621336,40.26920657976724,0.3866541159554089,0.12178052419760377,0.2652785732483238,東台
6472,63.45666149567175,56.18355845450795,45.534033423915766,63.07087282787028,56.47272518305768,45.53891064514381,0.3857886678014708,-0.2891667285497306,-0.004877221228042572,保瑞
3665,78.96097676499619,61.78920209328259,44.372750147993216,78.57593210046949,61.41943012321398,43.86934949199539,0.3850446645267027,0.3697719700686122,0.5034006559978224,貿聯-KY
4174,50.563553172154904,41.152754072138805,34.47067099346421,50.180509245321424,41.093474405361675,33.7963328640537,0.38304392683348,0.05927966677712959,0.6743381294105077,浩鼎
3152,59.66453165608132,43.78154202613273,28.238585510634046,59.288185420415104,43.78154202613273,28.238585510634046,0.37634623566621883,0.0,0.0,璟德
6742,50.718268189789896,35.06085512662719,25.94701758495979,50.343572400877875,35.099652371077106,25.94701758495979,0.37469578891202104,-0.038797244449916946,0.0,澤米
2230,62.55515521514493,45.84859635742409,33.584025660592914,62.181606081646365,46.420538528777286,33.48847902321349,0.3735491334985639,-0.5719421713531929,0.09554663737942093,泰茂
3609,71.4032891779351,53.7807539719465,34.43218654165408,71.0336841137002,51.93793435590214,31.52219737394561,0.36960506423488937,1.8428196160443662,2.909989167708474,三一東林
5904,83.4115608546427,79.79284557095872,75.44349927820144,83.04997764736491,79.58635947565432,75.61282934343228,0.36158320727778914,0.206486095304399,-0.16933006523083804,寶雅
3178,74.39869256381797,65.79507880133185,61.31117203107658,74.03859711431743,65.79729855715871,61.31117203107658,0.36009544950054817,-0.0022197558268572948,0.0,公準
3702,87.83597406056957,83.00896622665826,77.86328351110154,87.47591396520356,82.63685570899494,77.40198092331613,0.36006009536600914,0.37211051766331593,0.46130258778541133,大聯大
6874,65.61307727272727,53.61907272727273,39.5823,65.25853181818182,53.61907272727273,39.5823,0.3545454545454447,0.0,0.0,倍力
5291,61.940579231534635,44.68556983873664,18.687127610424163,61.59210014770375,42.82169849727168,18.687127610424163,0.3484790838308811,1.8638713414649573,0.0,邑昇
00786B,45.87927016252683,29.52287130736993,15.332720024532351,45.532142492078094,28.904865583154454,15.332720024532351,0.34712767044873516,0.6180057242154753,0.0,元大10年IG銀行債
4995,79.334948909228,67.90453501682802,52.599115008261165,78.98981396428196,67.75427218365424,52.44885217508738,0.34513494494603947,0.15026283317378386,0.15026283317378386,晶達
6152,39.8551279201837,24.300263202006327,16.52180633132426,39.51051644010831,24.430939849496536,15.910139822850292,0.3446114800753861,-0.13067664749020835,0.6116665084739683,百一
6176,54.50498533782021,43.23052377198691,34.028639473573286,54.161826388919934,43.03896252998752,32.100834220050764,0.34315894890027465,0.19156124199938773,1.9278052535225214,瑞儀
6128,71.78113288053476,60.56503888979545,54.75345003015156,71.43931274813123,60.56503888979545,54.75345003015156,0.3418201324035266,0.0,0.0,上福
4960,69.04226989723595,62.93638761368469,57.69113286719628,68.7013061699534,62.59458761651552,57.46220848980349,0.3409637272825563,0.34179999716916853,0.2289243773927936,奇美材
4585,78.92391900323307,76.69433362954,75.30298160367548,78.58372235930307,75.86337294496913,75.30654111952504,0.3401966439299997,0.8309606845708686,-0.0035595158495596024,達明
2069,73.51755940596166,64.2171511693389,53.44507722954718,73.17832223217466,64.21144579009844,53.693293981502244,0.3392371737869979,0.005705379240467323,-0.24821675195506288,運錩
4909,34.94931556398467,25.15833222504132,22.65232473961422,34.62201129635203,24.84570711372653,23.206266868604327,0.3273042676326412,0.31262511131479087,-0.5539421289901085,新復興
5244,61.59415200330225,48.20341385869112,28.60839203785932,61.26923871212904,47.13775623389378,28.639564968729843,0.32491329117321044,1.065657624797339,-0.031172930870521753,弘凱
1760,54.73292070670326,43.01743944731437,33.892522182404875,54.41004201902814,42.99994449434588,33.892522182404875,0.3228786876751215,0.017494952968490907,0.0,寶齡富錦
4714,43.29762150779919,29.120990205707955,21.715528076707873,42.9749985155847,29.38132049654138,22.901306334146582,0.322622992214491,-0.2603302908334264,-1.1857782574387095,永捷
6761,51.220042689829434,39.028927533109105,29.93375904536998,50.897578938608504,39.08378241626792,29.93375904536998,0.32246375122092985,-0.05485488315881781,0.0,穩得
3673,51.032293241552416,41.991295073825356,36.19185672259524,50.710960206316294,41.55673975364006,36.47121552328935,0.32133303523612256,0.4345553201852965,-0.2793588006941121,TPK-KY
1540,43.65403792693352,34.827472834539854,23.214424353565402,43.33486924596097,34.794714186174794,23.208574594928784,0.31916868097255247,0.032758648365060594,0.005849758636617963,喬福
3287,69.09664831291482,59.57134926173088,48.76684888815072,68.78015872602536,58.58432348809997,48.76684888815072,0.3164895868894604,0.9870257736309114,0.0,廣寰科
3268,50.88824864499074,34.779862189795416,28.671243597065,50.5735121971282,34.679058049245185,28.56755933821333,0.3147364478625363,0.10080414055023112,0.10368425885167198,海德威
6122,44.217361214835414,32.95048053292061,23.04624393046364,43.90656863209108,32.250021359522876,22.430300854770202,0.31079258274433386,0.7004591733977321,0.615943075693437,擎邦
8499,85.3387384021064,79.89348959859817,72.65467099109092,85.03254796236573,79.89348959859817,72.65467099109092,0.30619043974067495,0.0,0.0,鼎炫-KY
3131,70.05604237766107,48.32052379274551,31.804102797900097,69.751234890976,48.7073442322988,31.86310657605717,0.3048074866850783,-0.38682043955328993,-0.05900377815707358,弘塑
3024,65.36189012185332,51.812635801847485,38.47947558308147,65.06450433510916,51.30286788274346,37.84084952189061,0.29738578674415805,0.5097679191040214,0.6386260611908554,憶聲
6016,65.72245300356343,51.3682643819247,45.04941448003467,65.42530311613677,51.04847512573167,44.54567218024688,0.2971498874266558,0.3197892561930331,0.5037422997877883,康和證
6568,57.713305537696215,41.92758522155331,29.94517505406511,57.417580740480965,41.93331969528708,29.94517505406511,0.29572479721525013,-0.005734473733774337,0.0,宏觀
00959B,69.16254369670179,48.827211876097316,41.15114669551041,68.86782159204915,48.47161830637071,40.8919823410459,0.29472210465263515,0.35559356972660794,0.25916435446450947,大華投等美債15Y+
8466,84.91163793179406,77.09395789532937,67.48970629321478,84.61726175794092,77.0889230053037,67.48467140318911,0.29437617385313786,0.00503489002566937,0.00503489002566937,美&#21894;-KY
6284,55.441028289766095,49.02756800643919,45.623791396745425,55.15126522632943,48.9986326450951,45.257071199749774,0.28976306343666636,0.028935361344089472,0.36672019699565084,佳邦
1539,69.10189689459997,61.146789046963434,60.51500076487686,68.81230839834787,61.146789046963434,60.5134710111672,0.28958849625210803,0.0,0.0015297537096614633,巨庭
3645,48.21817584010414,37.945529529486436,27.862644108637912,47.93211517068722,38.20073191605725,27.86425868419536,0.2860606694169192,-0.25520238657081507,-0.00161457555744704,達邁
2228,65.35134154190517,55.893101216785844,53.88343940961817,65.06552569794329,55.870539084056624,53.88343940961817,0.28581584396188475,0.022562132729220252,0.0,劍麟
6968,71.82148934099236,58.78330384370781,44.13787089386601,71.53633746030347,57.80852932957982,44.13787089386601,0.2851518806888862,0.9747745141279935,0.0,萬達寵物
4556,79.79623353893025,75.1681801978307,70.8036150764346,79.51137559558649,75.14217721552501,70.77761209412891,0.28485794334376635,0.026002982305683986,0.026002982305683986,旭然
5464,82.06198411769955,72.50670432936931,58.83216171817926,81.77779299874096,72.80408331124268,58.11550740836241,0.2841911189585886,-0.297378981873365,0.7166543098168461,霖宏
8105,70.69428401057269,63.77387809239791,60.24576447840856,70.41025035076221,63.85391797944441,60.510909230373976,0.28403365981047557,-0.08003988704650311,-0.26514475196541554,凌巨
6026,65.78067876052707,51.14401490273769,41.566064662951725,65.49853624089958,50.77983520376461,41.19104065855752,0.2821425196274845,0.364179698973075,0.3750240043942057,福邦證
1295,68.97862222671397,57.94528694301565,44.91634529970904,68.69670583354167,57.94528694301565,44.91634529970904,0.28191639317229544,0.0,0.0,生合
6023,88.387902145794,84.24827228100125,80.96762394011071,88.10777438123176,84.02081647237404,80.70079140441968,0.28012776456223776,0.22745580862721226,0.26683253569103726,元大期
2855,84.58928170124861,77.24744786527401,72.23527062429868,84.31401180325786,76.93943272817096,71.96899664847416,0.2752698979907535,0.3080151371030553,0.26627397582451806,統一證
6823,67.27475869459276,55.26987363561573,50.99080629018482,66.99965481012592,55.26987363561573,50.99080629018482,0.2751038844668443,0.0,0.0,濾能
2641,41.44682082494121,28.774433047324404,22.667094524863316,41.172428935991476,28.359340425118663,22.637941281590656,0.27439188894973654,0.4150926222057407,0.02915324327265978,正德
2254,96.41919875670655,93.63478693014675,89.33254344391786,96.14637239217572,93.36877821257164,88.00875888469116,0.27282636453082887,0.26600871757510447,1.323784559226695,巨鎧精密-創
6579,88.219282881414,84.44671401925159,82.48282967521374,87.94649287301388,84.2261095303645,82.48282967521374,0.272790008400122,0.2206044888870906,0.0,研揚科技
1584,52.130093408440715,40.97983334515777,36.68897855540255,51.85748810581512,41.073233999940975,36.730337775755864,0.27260530262559257,-0.0934006547832027,-0.041359220353314186,精剛
6506,75.86393317619229,61.50065566365252,44.06484340018639,75.59403544592911,60.97942485423835,45.370937634841106,0.26989773026318176,0.5212308094141704,-1.306094234654715,雙邦
6872,70.87647324554305,57.58780597358513,42.90628233059688,70.60792394842208,57.757416055977316,43.041970396510635,0.26854929712096975,-0.16961008239218955,-0.13568806591375449,浩宇生醫
3078,45.65242326321143,37.31962088008876,28.88913875700938,45.38418536974698,36.89829033914895,28.858907577828123,0.2682378934644518,0.42133054093981315,0.030231179181257062,僑威
6271,58.514676289105275,48.96320793695056,40.38960255359536,58.247738914819166,49.10640789372428,39.74872114930159,0.2669373742861083,-0.14319995677372077,0.640881404293772,同欣電
4569,84.59637908496732,64.2642908496732,52.36483986928104,84.32985947712417,64.2642908496732,52.36483986928104,0.26651960784315065,0.0,0.0,六方科-KY
6869,62.90861728757666,55.059394490058956,45.88145555292986,62.64318603808585,54.76832224115786,45.793728669064244,0.26543124949080976,0.29107224890109507,0.08772688386561356,雲豹能源-創
6732,57.07563434858466,49.439330767369675,46.3103324381451,56.81153889575079,49.441015404245995,46.3103324381451,0.26409545283386393,-0.0016846368763197006,0.0,昇佳電子
00933B,84.48169583490332,76.41248485033445,73.10726487462226,84.21808258046461,76.08531665899044,72.81914397116398,0.26361325443870953,0.32716819134401476,0.2881209034582781,國泰10Y+金融債
6641,76.72227945205479,60.25388493150685,49.83498356164384,76.46061369863014,60.25388493150685,49.83498356164384,0.26166575342465137,0.0,0.0,基士德-KY
6138,57.5425492671898,46.61729921265048,33.96489254100366,57.2818301414056,46.56846503202946,33.95788506415808,0.260719125784199,0.04883418062102152,0.007007476845579674,茂達
1817,77.14701928374656,64.99853581267217,58.355097796143255,76.88668870523416,64.99853581267217,58.355097796143255,0.26033057851239505,0.0,0.0,凱撒衛
4105,62.66514888104204,48.15271616433285,38.961028342659006,62.406735405896455,48.28923539054354,38.72231565499675,0.25841347514558777,-0.13651922621068735,0.2387126876622574,東洋
2636,53.07478473437101,44.571442511144795,37.76835980736239,52.817725892220146,44.527937805015014,36.48786412233406,0.2570588421508617,0.04350470612978086,1.2804956850283276,台驊投控
6680,86.01454556216524,71.60322784977497,63.643453561697946,85.75776450152186,72.72199333645317,64.60745731126177,0.2567810606433767,-1.1187654866781997,-0.9640037495638225,鑫創電子
8046,89.13587224753773,84.21898491152314,79.63415353379901,88.88364320826068,83.9363234205048,79.28285993399086,0.2522290392770543,0.28266149101833093,0.35129359980814456,南電
8011,41.436246649334535,31.193352901215427,25.008608418041717,41.186798552097024,31.322931945128325,24.98088452957663,0.2494480972375115,-0.12957904391289787,0.027723888465086333,台通
5426,62.85347844228094,55.68968497913769,52.77161474269819,62.604561891516,55.781547983310155,52.77161474269819,0.2489165507649389,-0.09186300417246684,0.0,振發
3492,63.94437627351428,47.30358610363732,41.95726620810771,63.69774229136881,47.50059383759808,41.95726620810771,0.24663398214546817,-0.19700773396075988,0.0,長盛
3545,34.58619895072801,25.102965743429912,19.05915413039847,34.339836973248,25.09826049794671,18.29375164531846,0.24636197748001365,0.004705245483201281,0.7654024850800099,敦泰
3556,26.308929001662783,16.53545012841185,13.672246721041216,26.063506677975006,16.53545012841185,13.672246721041216,0.2454223236877766,0.0,0.0,禾瑞亞
6218,65.41901434751486,53.39802527154461,42.17154617036507,65.17448414303944,56.044318570850585,39.91048986959634,0.24453020447542428,-2.646293299305974,2.261056300768729,豪勉
9941,74.49364307513689,70.63657721154391,66.83697349437348,74.24926118198937,70.45025767014371,66.84650833357905,0.24438189314751924,0.18631954140019502,-0.009534839205571188,裕融
2241,61.98792500807774,42.153573555061016,32.38521146942975,61.746632048436865,42.05590266814959,31.824835678096807,0.24129295964087305,0.09767088691142334,0.560375791332941,艾姆勒
6515,69.14398981700613,49.479391725147096,36.300531748905186,68.90285533756175,48.16617930465264,36.251990542372894,0.2411344794443835,1.3132124204944589,0.04854120653229188,穎崴
6101,91.90013365997196,88.13186754755607,78.64583023339681,91.66085786803554,87.9003103295531,78.41427301539385,0.23927579193642146,0.23155721800297613,0.23155721800296192,寬魚國際
1568,73.27500959654691,64.84838823653043,57.23323930135257,73.03747329465135,64.98708915097264,57.12459274152317,0.23753630189555963,-0.1387009144422109,0.10864655982939553,倉佑
6722,84.68483484162897,76.80567307692307,74.10996832579185,84.44840950226245,76.80567307692307,74.10996832579185,0.23642533936651944,0.0,0.0,輝創
3088,60.21366626175989,48.49231797801416,38.23732439538713,59.97734897012019,48.066824741268775,37.082327337883164,0.2363172916397005,0.42549323674538186,1.1549970575039623,艾訊
6153,57.854431626771245,46.63680066091723,40.76300638104423,57.62146322596466,46.63748396057407,41.00066592400833,0.232968400806584,-0.0006832996568419958,-0.23765954296410285,嘉聯益
3684,72.84615171685587,62.37387345195374,52.87652611436384,72.61438791105313,61.578749429597494,52.879825384166146,0.2317638058027427,0.7951240223562479,-0.003299269802305105,榮昌
5309,43.28166104419638,33.993604420285685,27.337188269085217,43.05221785334438,33.97500811791861,26.500007077823778,0.2294431908520025,0.018596302367072326,0.8371811912614397,系統電
3537,37.712470742348124,29.462879268895055,23.546448348690777,37.48649764799976,29.462879268895055,23.546448348690777,0.22597309434836177,0.0,0.0,堡達
3443,79.42186720999747,64.54232415206735,51.95743235091991,79.19722076047404,64.36083356799531,51.78429400950786,0.2246464495234335,0.1814905840720371,0.17313834141204865,創意
2916,69.96542057934472,58.94962154910222,51.075232196734,69.74084373996837,58.94962154910222,51.075232196734,0.2245768393763541,0.0,0.0,滿心
7740,77.116525,64.57855500000001,54.101665,76.89200333333334,64.36067333333332,53.906665,0.22452166666666074,0.21788166666668474,0.19500000000000028,熙特爾-創
4557,65.0162136786915,43.289056663242434,27.214936929665406,64.79209052644218,43.124376717674366,27.050256984097338,0.22412315224931945,0.16467994556806786,0.16467994556806786,永新-KY
6929,91.24540252827677,89.58061876247505,86.91273231315148,91.02140607673542,89.58061876247505,86.91273231315148,0.22399645154135328,0.0,0.0,佑全
8070,78.31971612204424,73.82532386153844,69.93329848679964,78.09691581304338,73.53421954160986,69.36835785035882,0.2228003090008599,0.29110431992857855,0.5649406364408236,長華
6235,48.29157915608725,40.905723104102584,35.47510952455897,48.07187873303006,40.55852495218435,35.97598366906945,0.21970042305719062,0.347198151918235,-0.5008741445104832,華孚
3550,52.857725708972566,43.54529521152952,31.084655509065552,52.63882101348211,43.45569409576941,31.345901441190144,0.21890469549045832,0.08960111576011087,-0.26124593212459146,聯穎
6195,59.878169723544,54.10421449294604,52.406764680181524,59.66100771698141,53.253497274576965,52.406764680181524,0.21716200656258877,0.850717218369077,0.0,詩肯
6664,64.30252586424686,54.9174885174572,36.54206605919314,64.08605951791021,54.83351157155153,36.54206605919314,0.2164663463366452,0.08397694590566829,0.0,群翊
3317,38.960523333333335,31.68422888888889,25.465047777777777,38.74536888888889,32.050889999999995,24.05949222222222,0.21515444444444398,-0.36666111111110666,1.405555555555555,尼克森
3535,38.43384882798433,27.365968700540687,24.196729822954296,38.218986161525656,26.934449619692547,24.28780870237441,0.21486266645867147,0.4315190808481404,-0.09107887942011317,晶彩科
2034,61.05670986984355,50.94524408217702,44.30099907695072,60.842482185612326,50.669101703984154,43.987891362171645,0.21422768423122562,0.2761423781928656,0.31310771477907196,允強
5210,66.20223576497486,48.31813597688008,39.83530754706817,65.98802944041601,48.14777362138249,39.812186941679215,0.21420632455884459,0.17036235549758771,0.023120605388953663,寶碩
4973,32.67378631376183,22.973501092608267,14.40292621352083,32.45992979659348,23.10827849845656,14.545361426519596,0.2138565171683524,-0.13477740584829334,-0.14243521299876605,廣穎
6788,37.83706490318984,21.869032846758195,14.229083908611228,37.62344157539957,22.911891147896075,14.229083908611228,0.21362332779027327,-1.0428583011378798,0.0,華景電
00957B,69.54019855202563,50.85176375602216,43.26585255732672,69.32701911687373,50.55188539436851,43.003292734100704,0.21317943515190052,0.2998783616536471,0.2625598232260131,兆豐US優選投等債
3597,79.32585117304221,64.48187450237586,56.92112485230566,79.1130184083979,64.48187450237586,56.92112485230566,0.212832764644304,0.0,0.0,映興
6548,90.09974594532548,87.59033207650953,85.04529026696099,89.88800288953394,87.29181599274544,85.04983593814688,0.21174305579154407,0.2985160837640848,-0.004545671185894662,長科*
4915,69.08100253719994,59.9880814398171,51.32003244954917,68.86971232380488,59.66272323030444,50.720421095136516,0.21129021339505982,0.3253582095126646,0.5996113544126516,致伸
4564,53.29185977183742,39.835750252451476,33.14283278228116,53.080688508649,39.84735178038563,33.03973481863476,0.21117126318842594,-0.011601527934153921,0.10309796364639823,元翎
4580,59.89531592869183,49.26061642614383,37.67164271074385,59.684748720432225,49.25847981594556,37.66950610054558,0.2105672082596044,0.002136610198263611,0.0021366101982707164,捷流閥業
6214,74.09383495556136,66.85342832570068,60.27651885172348,73.88349534676486,66.82985417156594,60.50527178532437,0.21033960879650238,0.02357415413473518,-0.22875293360088733,精誠
2483,71.60394401298726,64.05101086148018,56.11172239839116,71.39414662221057,63.582210319460486,56.07372066204549,0.2097973907766857,0.468800542019693,0.03800173634567017,百容
3265,73.24586734996379,66.7556975803443,59.57876235750219,73.03978590191684,66.27049286109161,59.43684055688768,0.20608144804694462,0.4852047192526925,0.14192180061451154,台星科
5302,60.079617183363375,50.774307513801396,45.866928677836306,59.875130738888295,50.71492232370227,45.857578403039234,0.20448644447508002,0.05938519009912824,0.009350274797071734,太欣
6593,50.82121264067999,45.97876377865579,29.852518201168245,50.6174684191905,46.17054188033635,29.849379135111338,0.20374422148948668,-0.19177810168056197,0.0031390660569066142,台灣銘板
4417,60.45467457318414,46.04908392677845,38.36299547659078,60.25160185791355,45.97224466868773,37.134068708322935,0.20307271527059356,0.07683925809072178,1.228926768267847,金洲
3049,55.282014882375684,46.91964386916422,43.36509627045058,55.07997501613847,46.792064496699396,43.48204909913346,0.20203986623721448,0.12757937246482243,-0.11695282868288359,和鑫
2231,72.33121783728863,65.30006392172784,60.990782367666974,72.13011415203808,65.29932825907568,60.9900467050148,0.20110368525055833,0.0007356626521612952,0.0007356626521755061,為升
6113,63.52823640130997,53.25264553171864,52.175374606644354,63.32809731328327,53.25264553171864,52.175374606644354,0.20013908802669533,0.0,0.0,亞矽
5299,56.33529167861953,50.99519449787178,44.69809501360453,56.13567341261197,50.996190155876356,44.698967723602564,0.19961826600755472,-0.0009956580045766827,-0.000872709998034793,杰力
4720,49.80719687322047,37.851650419932014,33.29421450377295,49.60898096744301,37.902307953601294,33.29508774391136,0.1982159057774595,-0.0506575336692805,-0.0008732401384108357,德淵
6962,63.79893673709929,52.72894095026841,46.532052675875185,63.602530614729204,52.32708335404411,46.37719700583208,0.19640612237008526,0.4018575962242963,0.15485567004310496,ITH-KY
5209,63.735263430395996,52.82014185636002,50.8810213985604,63.541588359511394,53.80799409692201,51.83260784312802,0.193675070884602,-0.9878522405619918,-0.9515864445676172,新鼎
6741,78.23223999980694,70.10756697177513,58.330242457087756,78.04074403392187,70.02065061671243,58.25643131225675,0.19149596588506768,0.0869163550626979,0.07381114483100504,91APP*-KY
3257,52.569098934287474,43.71010123699022,37.10866925428937,52.37867903460619,43.69882637450909,37.11117477928517,0.19041989968128092,0.011274862481130299,-0.0025055249958043646,虹冠電
6425,51.58028393308928,43.31611009289441,34.27827515057369,51.39062530013974,42.58761433432439,34.27827515057369,0.18965863294953778,0.7284957585700198,0.0,易發
3372,61.33553313729156,54.019735343611366,50.98847163910183,61.14609474596726,53.626127806768544,50.796207781611734,0.18943839132430185,0.393607536842822,0.19226385749009722,典範
6865,63.378397786201255,50.702083153810975,36.267431029481436,63.18901155855712,50.702083153810975,36.267431029481436,0.18938622764413537,0.0,0.0,偉康科技
6492,53.482525615816115,38.81736188990391,34.02938828210982,53.293892742456684,39.033272406909376,33.84361258592201,0.18863287335943113,-0.2159105170054687,0.18577569618781098,生華科
6951,75.645775,66.23889038461539,63.90282307692308,75.45848846153847,66.23889038461539,63.90282307692308,0.1872865384615352,0.0,0.0,青新-創
4930,70.70033125,63.66784875,58.557245,70.51408125,63.66159875,58.713495,0.18625000000000114,0.006249999999994316,-0.15625,燦星網
4745,75.80651364900383,61.897241652202,53.06959786967631,75.62043243164392,61.85042838743087,53.02278460490518,0.1860812173599129,0.04681326477113146,0.04681326477112435,合富-KY
3709,79.37224465710354,71.68458491805801,66.31596533475945,79.18814078091248,71.62381873394452,66.31596533475945,0.1841038761910596,0.060766184113489885,0.0,鑫聯大投控
4771,77.60868699893003,59.76373397384103,44.588366076000185,77.4253547145868,59.72393755730463,44.82141198604446,0.1833322843432228,0.03979641653639732,-0.23304591004427522,望隼
6821,62.97960502052716,51.9815081180309,39.67841569152805,62.79725501481388,50.689831956006735,39.5246447198585,0.18235000571328186,1.2916761620241672,0.15377097166955167,聯寶
8429,54.689305571098636,42.27621666186417,38.12969222876533,54.5073517709028,42.177157269023205,38.3014310674407,0.18195380019583496,0.09905939284096377,-0.17173883867537398,金麗-KY
3294,59.30537361937389,51.93460191721273,46.876318756679645,59.12408790639863,51.750330200708596,46.87689520231268,0.18128571297526008,0.18427171650413499,-0.0005764456330368262,英濟
6015,64.98253691735208,51.31005930976076,44.28848129686824,64.80175180249257,51.061411857637474,44.381153180382924,0.18078511485950344,0.24864745212328643,-0.09267188351468292,宏遠證
6708,65.69710155673909,53.51592012886858,42.818999724186945,65.5178454770537,52.08187149138542,42.818999724186945,0.1792560796853877,1.4340486374831585,0.0,天擎
4413,82.82653230246035,69.32621939818722,52.6151161839736,82.64770248875854,69.32621939818722,52.6151161839736,0.17882981370181028,0.0,0.0,飛寶企業
6928,83.13098372093023,79.70204302325581,76.07599069767443,82.95540232558139,79.70204302325581,76.07599069767443,0.17558139534884276,0.0,0.0,攸泰科技
8996,72.13018582737105,50.139567773163705,25.131637658612572,71.95568645900859,48.63038144879003,24.03745434303101,0.17449936836246138,1.5091863243736725,1.0941833155815637,高力
6743,73.39146199999999,64.05054733333333,58.02903533333333,73.218044,63.63856,57.629702,0.17341799999998386,0.4119873333333288,0.3993333333333311,安普新
3712,64.68847985104873,58.05256464910763,54.68754524255973,64.51684473217676,57.841764829323736,54.69851005928123,0.17163511887196137,0.21079981978389384,-0.010964816721504178,永崴
5353,71.19524978552101,55.41801623440903,37.82516993334653,71.02366660067312,55.41669636375636,37.82516993334653,0.17158318484788992,0.0013198706526722503,0.0,台林
6605,75.9540481391596,67.29019084885796,58.379332654297144,75.7834799654946,67.34195955301091,58.85877860438615,0.17056817366498933,-0.05176870415294843,-0.4794459500890085,帝寶
3430,45.84839847212391,33.47334365778234,33.47334365778234,45.67793087483318,33.47334365778234,33.47334365778234,0.17046759729073102,0.0,0.0,奇鈦科
6451,70.65256325939502,64.2625378922448,59.72317723240379,70.4824029259053,65.58274121257864,60.7507027231994,0.1701603334897186,-1.320203320333846,-1.027525490795611,訊芯-KY
5508,73.73265445828945,69.01444901796586,65.86140350108236,73.56266219698442,69.12731021794683,65.85726420232841,0.1699922613050262,-0.11286119998096922,0.004139298753955245,永信建
3434,59.809644819120486,47.112567452595094,33.02432628513031,59.639798807095225,47.10977062062261,30.2259168994097,0.1698460120252605,0.002796831972482039,2.798409385720607,哲固
5538,96.5113326427848,93.95385413421556,92.4533819725541,96.34359536181242,93.92055448703725,92.42256737367268,0.16773728097237495,0.033299647178310465,0.030814598881420352,東明-KY
00967B,81.79030798150016,70.66844168086128,62.63517945834505,81.62334915411202,70.50453620863583,62.521437430749636,0.16695882738814305,0.16390547222545138,0.11374202759541419,元大優息美債
00857B,69.90521131067122,59.85513835896891,55.518417230560615,69.73833769824917,59.66146870554765,55.2055986692546,0.16687361242205156,0.19366965342126008,0.3128185613060168,永豐20年美公債
6189,44.0420659129663,35.218315062259066,24.4537956546057,43.87846818609444,35.07597395846213,24.733610372835024,0.16359772687186336,0.14234110379693732,-0.2798147182293249,豐藝
00795B,69.17589096248642,55.589230409653254,51.5796847744418,69.01299486728492,55.299796579686486,51.364200797835466,0.1628960952015035,0.28943382996676803,0.21548397660633611,中信美國公債20年
6763,65.86521301203717,61.54917489557792,57.30146083607328,65.70237698906749,61.39977079874264,57.888083909112154,0.16283602296968525,0.14940409683528344,-0.5866230730388722,綠界科技*
6499,58.25890797568882,41.7493792065973,36.2730350323869,58.09632282538081,41.59072515557885,36.13810579996205,0.16258515030801135,0.15865405101844487,0.13492923242485233,益安
8249,63.0322199608923,57.42924588879335,53.50743518024734,62.86987654589714,57.15147306901168,53.514690784294515,0.16234341499515637,0.27777281978167423,-0.007255604047173847,菱光
6576,78.18989079438914,67.83901887193713,60.81162289460087,78.02788090153942,67.74763629118567,60.70818289000026,0.16200989284972422,0.091382580751457,0.10344000460061409,逸達
3714,53.82346741090738,43.90786934219598,38.46114156689552,53.66168294932629,43.80906692661898,38.53110276674625,0.16178446158108528,0.09880241557699776,-0.06996119985073079,富采
3686,36.42097525753212,21.824628076264947,16.77793738418705,36.25983556231654,21.75403533595438,16.77793738418705,0.16113969521558147,0.07059274031056617,0.0,達能
3045,94.84744735249629,92.98682473376888,90.36989802532283,94.68635384399622,92.81143021257236,90.24294543026468,0.1610935085000733,0.1753945211965231,0.1269525950581425,台灣大
2731,52.27259314250745,43.607176198814166,33.768637981244375,52.11189778088424,42.651425116554336,33.75898937687587,0.16069536162321185,0.9557510822598303,0.009648604368507563,雄獅
9802,74.01929680937577,63.88144199386807,54.78633634737694,73.85875085481776,64.17745624715508,55.085331818696794,0.16054595455801746,-0.29601425328700515,-0.2989954713198557,鈺齊-KY
8442,84.70554781971335,71.70279637822354,61.43750889628188,84.54524230692867,71.70137126298444,61.4332335505646,0.16030551278467442,0.0014251152391011601,0.004275345717275059,威宏-KY
6835,85.25106964323757,78.79314964689831,68.85905290547795,85.09148322295658,78.7901272340599,68.85451928622034,0.1595864202809878,0.0030224128384190863,0.0045336192576144185,圓裕
6585,81.88461881459479,75.88224659671695,72.39406381333927,81.72644521885286,75.9332614419266,72.39406381333927,0.15817359574192835,-0.05101484520965016,0.0,鼎基
6240,90.46372188843755,85.29915770812298,70.9380833913126,90.30629232832635,84.988671631237,70.9380833913126,0.15742956011119702,0.3104860768859794,0.0,松崗
5230,41.972522260519,25.323307041043087,10.270038285671895,41.81622738957142,25.40500663267478,12.137014264624375,0.15629487094758332,-0.08169959163169338,-1.86697597895248,雷笛克光學
00969B,81.93923106622503,68.27963734395426,58.357736413945396,81.78480895192808,68.212594067722,57.79757845468154,0.15442211429694908,0.06704327623226902,0.5601579592638544,元大零息超長美債
2618,86.43006803624428,82.62308082840373,79.40883688415983,86.27652542964319,82.45531320711224,79.22548211951896,0.15354260660109276,0.16776762129148892,0.18335476464086753,長榮航
6547,53.3790726912285,35.81198522152153,28.742584757713264,53.22645053144106,35.57935790691707,27.903530750559458,0.1526221597874411,0.23262731460446417,0.8390540071538055,高端疫苗
3114,64.74680127951277,52.658640457503694,41.341622893559986,64.59418602165964,51.997064569160614,41.31859195865388,0.15261525785312813,0.66157588834308,0.023030934906103084,好德
6248,59.60946734752657,48.928309553022096,43.62396254381509,59.4579058863102,48.94331613355772,43.638969124350716,0.15156146121636738,-0.015006580535626313,-0.015006580535626313,沛波
4907,90.59272689371939,85.81438094216112,83.76606398918462,90.44121915215625,85.43942044209146,83.76606398918462,0.15150774156313673,0.37496050006966186,0.0,富宇
3466,60.48529867731213,45.82034811167499,33.773298086443276,60.334178036319564,46.23539548112938,34.1395189212643,0.15112064099256628,-0.4150473694543919,-0.3662208348210214,德晉
1734,62.1226125528291,49.74469020173812,41.50970825614529,61.97434505382304,49.531752836144314,41.32989448075497,0.14826749900606018,0.2129373655938096,0.17981377539031485,杏輝
4114,58.43681109729677,44.30846578900373,37.42648325320708,58.28886904079926,44.14195551167291,37.31975754185701,0.1479420564975058,0.16651027733082202,0.10672571135007303,健喬
6270,49.68551373892955,41.00032685219931,36.567692080140155,49.537600678648346,40.97537736071222,36.567692080140155,0.14791306028120488,0.02494949148708514,0.0,倍微
3380,71.90379260843353,65.53005707060453,63.37704441528539,71.75693532762388,65.51996086675724,63.366129151293826,0.14685728080965532,0.010096203847282936,0.010915263991563506,明泰
5452,50.18560008761279,42.74487879160872,38.519873424202785,50.038892896625185,42.576419649881046,38.62994935947701,0.14670719098760543,0.1684591417276735,-0.11007593527422443,佶優
2743,57.71180776504047,52.878592235301305,50.27259730331232,57.56559246450031,52.878592235301305,50.27259730331232,0.14621530054015608,0.0,0.0,山富
3296,84.60690859446603,76.65808800153425,70.59909567849701,84.46124738884532,76.67049437861884,70.6011634080111,0.14566120562071205,-0.012406377084587916,-0.0020677295140956176,勝德
9942,65.15275491057622,52.342769450989955,39.13006431355346,65.00713312390904,52.37162902176156,39.14810154528572,0.14562178666717784,-0.028859570771601284,-0.018037231732257908,茂順
3444,58.93135872518441,49.370661879489994,38.58374882327944,58.786717575977555,49.34207545114742,38.55960714784717,0.1446411492068549,0.02858642834257097,0.024141675432275633,利機
2472,63.0898276425387,57.88276607922449,48.514541861218106,62.945455285595806,57.7148140533006,48.51422559596378,0.1443723569428954,0.16795202592388847,0.0003162652543267086,立隆電
3518,58.22321633950679,35.91955398813845,26.15231913656688,58.08003104992688,36.036109300505146,26.19233192894938,0.14318528957991106,-0.11655531236669248,-0.04001279238249822,柏騰
3607,51.70395968136013,32.27882646479981,21.503911332751326,51.56117338922227,32.77446094017718,21.613230379559266,0.1427862921378633,-0.49563447537736494,-0.10931904680793991,谷崧
3354,74.63677693879826,71.70680843364342,70.56645850480199,74.49474220161773,72.33862938931823,70.56645850480199,0.14203473718053772,-0.6318209556748116,0.0,律勝
00788B,43.55091880514855,27.316384683882454,15.29501335707925,43.409685906257586,26.73158342103133,14.803306889014815,0.14123289889096213,0.5848012628511228,0.49170646806443585,元大10年IG電能債
6167,57.33355821917808,43.71585410958904,36.491682876712325,57.1925602739726,43.8313904109589,35.79168287671233,0.14099794520547704,-0.1155363013698647,0.6999999999999957,久正
6194,71.81002708333334,57.42946666666666,39.2378,71.66905833333334,57.29613333333333,39.32946666666667,0.14096874999999898,0.13333333333333286,-0.09166666666666856,育富
6838,74.0954661336057,61.47906470583949,54.117592668027136,73.95481963821004,61.51748112793265,54.158658498540504,0.1406464953956572,-0.038416422093156655,-0.041065830513367985,台新藥
1535,79.00282758028135,75.79923194084441,75.37900462890082,78.86235205493418,75.73700597349891,75.31677866155533,0.14047552534717056,0.06222596734549768,0.06222596734548347,中宇
6462,40.9563837686207,31.124418982883146,20.62326958964087,40.81591260056876,30.859587198589068,21.683128229274686,0.14047116805193838,0.2648317842940777,-1.0598586396338163,神盾
3694,66.611341204535,57.88187887939669,53.613090851130984,66.47132183035795,57.77147845434343,53.58468372421669,0.1400193741770437,0.11040042505325687,0.02840712691429559,海華
6263,54.71319770363861,44.12280584984257,40.96696652550831,54.57340145985589,44.15292698525418,40.96696652550831,0.13979624378272604,-0.030121135411611988,0.0,普萊德
3484,49.74158799969386,32.18819475860342,24.241909198243793,49.60206684438735,31.983953100838075,24.09221655466422,0.139521155306511,0.20424165776534764,0.14969264357957357,崧騰
1534,59.42944644947512,47.086251109296576,35.447407143780616,59.290461511814016,46.94726617163546,35.30842220611951,0.13898493766110676,0.13898493766111386,0.13898493766110676,新企
3532,92.74131071349288,90.53873331403025,88.1609443692289,92.60273488371612,90.07048606375224,88.35767154322966,0.1385758297767552,0.4682472502780115,-0.19672717400075612,台勝科
7769,82.47641360529094,67.25800144500639,56.92778580559106,82.33854832434837,67.23735841716223,56.94338853998777,0.13786528094257733,0.020643027844158723,-0.015602734396715334,鴻勁
3508,55.74121506002334,47.66611035655455,37.44996968174035,55.603431927972636,47.60273011581123,37.440784139603636,0.13778313205070702,0.06338024074332083,0.009185542136712854,位速
4173,53.59569519575462,43.05661242393582,40.0,53.45795749758747,43.65199135815523,40.0,0.1377376981671503,-0.5953789342194113,0.0,久裕
5880,83.60946990620324,75.38475769835404,71.46985699676091,83.47434017562088,75.18389534740504,71.24354300582631,0.13512973058236355,0.20086235094899507,0.22631399093459947,合庫金
4503,70.96165727912003,62.81689402388554,59.809713611193075,70.82668025107247,62.82583247709336,59.809713611193075,0.13497702804755818,-0.008938453207818498,0.0,金雨
2495,58.53506442358222,50.99666374385363,45.94860402503019,58.400426174902364,50.69106209887221,46.01768753352796,0.13463824867985608,0.3056016449814223,-0.06908350849776923,普安
3373,36.57550921819042,26.340358726520975,24.953691591691697,36.44195477322372,26.281558398532745,24.89489126370347,0.13355444496669833,0.058800327988230094,0.05880032798822654,熱映
6233,37.826103269213306,28.39182992578067,18.738810315124645,37.6933893211541,28.47153535839151,18.738810315124645,0.13271394805920522,-0.07970543261084018,0.0,旺玖
3679,76.43651417026204,65.88557507224951,54.01585050252665,76.30429891649818,65.88557507224951,54.01585050252665,0.13221525376386012,0.0,0.0,新至陞
3323,28.293740593313505,21.099657371822435,15.576383913449673,28.16176696876002,20.744821556170624,14.447559945873914,0.13197362455348483,0.35483581565181055,1.1288239675757588,加百裕
3034,82.59210673973345,71.74710999571974,60.453356549636375,82.46065169890824,71.90131859289573,60.46972435945985,0.13145504082521597,-0.15420859717599456,-0.016367809823478296,聯詠
4906,38.81485057748771,27.290403644464217,20.40711074360382,38.68455771050775,27.245078611180197,20.466267775557277,0.13029286697996412,0.045325033284019156,-0.05915703195345756,正文
4138,55.73190833959429,51.42756323566241,51.42756323566241,55.601680440771354,51.42756323566241,51.42756323566241,0.1302278988229375,0.0,0.0,曜亞
6180,56.02524657697864,50.871138739650604,46.53953053881922,55.89525663142091,51.500311068371715,46.66888000508144,0.1299899455577318,-0.6291723287211113,-0.12934946626221944,橘子
3118,57.142809601372576,37.76365164734325,18.484124357606696,57.01339111560584,37.62498898402175,18.357787264358212,0.12941848576673465,0.13866266332150445,0.12633709324848397,進階
1586,80.04972677048339,72.89750777501057,61.208894327771034,79.92076970656792,73.05182536523208,60.51932152491774,0.1289570639154647,-0.1543175902215097,0.6895728028532915,和勤
6658,55.728600494913394,43.271069562826504,31.492315094858398,55.59985977453945,43.17017596920539,31.52530932086885,0.12874072037394058,0.10089359362111594,-0.032994226010451655,聯策
6409,79.6590632949608,67.1310652761612,53.306658452758725,79.53143105854782,66.29301302113957,53.195773414980195,0.12763223641297827,0.8380522550216227,0.1108850377785302,旭隼
8464,95.61778300608627,86.54945256333863,77.77473942069523,95.49057914778571,86.98663300345846,77.98735411415322,0.12720385830056102,-0.4371804401198318,-0.21261469345799355,億豐
3663,69.35721945513816,64.93785734324992,61.98293558411309,69.23090933058702,64.84870500853346,61.9612339379937,0.12631012455113932,0.08915233471645934,0.0217016461193964,鑫科
5474,62.60748059508799,56.680568808306795,48.508886900361354,62.481887440845554,56.680568808306795,48.508886900361354,0.12559315424243778,0.0,0.0,聰泰
4766,80.95678571541131,69.99908601404088,63.05790092757134,80.83123954244968,69.99576846065025,63.05458337418071,0.12554617296163428,0.0033175533906302235,0.0033175533906302235,南寶
6906,66.58750827434446,57.917193938707236,47.80752234818442,66.46222128131578,57.902285209944715,47.7926136194219,0.12528699302868063,0.014908728762520695,0.014908728762520695,現觀科
6264,83.4902966838302,71.85061194288383,67.49845152690115,83.36562238717968,71.81467641031986,67.45518221218127,0.124674296650511,0.03593553256396831,0.04326931471987905,富裔
5493,60.06483287481098,44.93829890209847,25.01279548026168,59.940468199789635,44.894809948121114,24.97159541859892,0.12436467502134718,0.043488953977352196,0.041200061662760135,三聯
6679,67.13013754259069,53.03886006333568,43.83231316371241,67.00666035050082,53.082912546144556,43.8308907076237,0.12347719208986518,-0.04405248280887264,0.001422456088711499,鈺太
6526,84.50212940401964,78.74692441541372,76.25707503406126,84.37905408199181,78.73374873289276,76.25468705354092,0.12307532202783023,0.013175682520952137,0.0023879805203392834,達發
4711,70.66939694706498,60.014984604297695,53.420143802410905,70.54689629192872,60.015692151467505,53.42085134958071,0.12250065513626396,-0.000707547169810141,-0.0007075471698030356,永純
4772,58.482513780732745,48.7727329680284,42.03767373733992,58.360847264118675,48.85750862098199,41.81247702488934,0.12166651661407002,-0.08477565295358858,0.22519671245058248,台特化
1595,64.225503569913,48.44624799496423,36.44263380278957,64.10394892608802,48.55079604112322,36.45995742269993,0.12155464382497883,-0.10454804615898894,-0.017323619910357024,川寶
4919,67.1235386535407,62.97169521617024,59.488863038530425,67.00230993845733,62.950857359116895,59.36444222104218,0.12122871508337596,0.020837857053344067,0.12442081748824307,新唐
3044,88.27214225819057,79.67868560713906,69.01056407095341,88.15163333650415,79.54537222487559,68.76211708720209,0.12050892168642235,0.13331338226346645,0.24844698375132168,健鼎
6291,74.92296428571429,62.85297857142857,62.85297857142857,74.80296904761904,62.85297857142857,62.85297857142857,0.11999523809524248,0.0,0.0,沛亨
00966B,52.101572214860866,37.6767973023477,31.000900349947337,51.98268100431489,37.43474416471308,30.752075051812593,0.11889121054597496,0.24205313763462044,0.24882529813474363,統一ESG投等債15+
5601,90.36877160493827,79.7072114197531,47.23920524691358,90.24994444444444,79.73190277777778,47.23920524691358,0.11882716049383646,-0.024691358024682586,0.0,台聯櫃
00970B,74.36130608481078,60.253171968091,53.52358350355074,74.242562540098,60.16517027111998,53.8002990575852,0.11874354471277115,0.08800169697101978,-0.27671555403446035,新光BBB投等債20+
3346,38.60140489247928,26.273460353564815,20.509491047110828,38.48268761419771,26.272635464020826,20.509491047110828,0.11871727828157219,0.0008248895439884052,0.0,麗清
3308,68.44069833333334,61.805528333333335,59.03951333333334,68.32236499999999,61.797195,59.031180000000006,0.11833333333335361,0.00833333333333286,0.00833333333333286,聯德
6834,69.12254560196291,60.86326038151088,47.80024957759644,69.00446973170284,60.22477943696902,46.30597600241851,0.11807587026007127,0.638480944541854,1.4942735751779281,天二科技
3056,47.47740982541457,33.60951313775703,27.36580454754184,47.35954861496191,33.562252787558364,27.23366568047997,0.11786121045265929,0.04726035019866259,0.13213886706186884,總太
1736,92.94566752316506,88.55973670752371,83.16414592154744,92.82799404446915,88.41299382711198,83.20040233278101,0.11767347869590594,0.1467428804117361,-0.036256411233566155,喬山
4562,57.35490028099514,52.21168071642337,49.923740662051955,57.23756882096269,52.17855527379892,49.92945194526306,0.11733146003244599,0.03312544262445272,-0.005711283211105922,穎漢科技
1570,69.25223878391573,55.32431034764308,44.499243983190254,69.1361164038512,55.28159259696721,44.499243983190254,0.11612238006452458,0.04271775067586958,0.0,力肯
2891,86.24329155477398,81.99919546929966,79.1498854084875,86.12933023857573,81.8800764967402,79.02321042313484,0.11396131619824246,0.11911897255946258,0.12667498535266475,中信金
4133,32.32924209255028,23.584091474405298,18.536067405016453,32.215293447322054,23.584091474405298,18.536067405016453,0.11394864522822701,0.0,0.0,亞諾法
5529,84.41375029722694,73.81923307650091,68.05920524235046,84.29982315292662,73.35696116124379,67.8616054650993,0.11392714430031958,0.4622719152571193,0.19759977725115618,鉅陞
4942,74.61728672798638,62.22079455669458,54.54763998887865,74.50352279208333,62.4226157391569,54.251224258427364,0.11376393590305156,-0.20182118246232505,0.29641573045128666,嘉彰
3272,56.800089654917976,50.31375379966412,45.52649044721847,56.68655966889664,50.32192683404813,45.54120190910968,0.11352998602133368,-0.008173034384007849,-0.014711461891209865,東碩
6873,71.17448179606097,62.15988367371321,53.86307066685363,71.06154732880577,62.18403244173313,53.893214565624426,0.11293446725520084,-0.02414876801991994,-0.030143898770795374,泓德能源-創
6230,88.90994628008377,87.81097977661199,87.81097977661199,88.7971165739184,87.81097977661199,87.81097977661199,0.11282970616537114,0.0,0.0,超眾
3438,51.2259991691016,45.12847281447379,43.53833809508009,51.11383318617519,45.12847281447379,43.53833809508009,0.11216598292640612,0.0,0.0,類比科
00834B,98.20243124407277,94.36158289507716,94.36158289507716,98.09035261660487,94.36158289507716,94.36158289507716,0.11207862746789488,0.0,0.0,第一金金融債10+
6411,48.13146689637543,34.58983526666305,21.807967439331605,48.01986786373051,34.59856019058402,21.845150367813027,0.11159903264491788,-0.008724923920965466,-0.03718292848142113,晶焱
3284,78.116301799203,70.11439042684772,66.73295945144162,78.0053862684336,70.07572625875778,66.69613643421312,0.11091553076940386,0.038664168089937334,0.036823017228499566,太普高
6877,84.12863364291302,74.52276509512336,58.9786787446759,84.01876955543497,74.43632164644876,56.788636101654255,0.10986408747804433,0.08644344867460063,2.1900426430216484,鏵友益
00755B,98.25289167201161,97.72811666610404,97.72811666610404,98.14311280019984,97.598401313207,97.598401313207,0.10977887181176982,0.12971535289703695,0.12971535289703695,群益投資級公用債
4532,78.19030277133172,70.09506266989648,65.12575892218615,78.0810020337542,69.95301054755836,65.07744605798838,0.10930073757751302,0.14205212233811437,0.04831286419776859,瑞智
3701,76.10554869606581,72.82036650335651,71.069793742171,75.99691126272819,72.79694137061526,70.63171164753416,0.10863743333761988,0.02342513274125224,0.4380820946368402,大眾控
2939,86.26123070785938,76.16236172893322,53.88948062473401,86.15365346053501,76.59267071823072,53.87191699251779,0.10757724732437168,-0.43030898929750094,0.017563632216223368,凱羿-KY
4163,83.46665938432125,70.09907113986577,58.66207857857246,83.35912508302397,70.08541674218186,58.65237053860067,0.10753430129727803,0.01365439768390786,0.009708039971791038,鐿鈦
2739,79.6171962065424,73.85836374363569,69.15242444769792,79.51022550969124,73.8386972007954,69.11964687629745,0.1069706968511639,0.019666542840298007,0.03277757140047299,寒舍
4164,61.935720899852555,50.5182253866598,39.89354178653509,61.829212907222384,50.74561753351811,40.365949131345644,0.10650799263017063,-0.2273921468583069,-0.4724073448105557,承業醫
2208,64.03190475118828,54.959758173793496,49.73901031446222,63.92569164016515,54.82070323897836,49.7367046188619,0.10621311102313058,0.1390549348151353,0.0023056956003202345,台船
3083,61.672101673528246,56.627655498827345,53.10454566403603,61.56629947176483,56.66003035975709,53.10454566403603,0.10580220176341726,-0.03237486092974251,0.0,網龍
00982B,76.82692913385827,59.04724409448819,53.338582677165356,76.72155984555985,60.880308880308874,53.35135135135135,0.1053692882984194,-1.8330647858206817,-0.012768674185991813,FT投資級債20+
3050,60.39403501448049,51.81153980286409,42.21716049577877,60.28886317304736,51.48118408008029,42.913359372504786,0.10517184143312619,0.3303557227837999,-0.6961988767260152,鈺德
8104,45.36879133936903,34.22179293678291,30.382462343762423,45.263941353122874,33.447055278454194,30.382462343762423,0.10484998624615827,0.7747376583287178,0.0,錸寶科技
2892,80.31342509307532,72.36042126633102,68.4435332108047,80.20942426826043,72.18142949252857,68.24286317422445,0.10400082481488937,0.17899177380245135,0.20067003658024873,第一金
6205,55.42011593548789,45.22708067170707,39.45267120358994,55.31649574923519,45.28397431063781,39.45267120358994,0.10362018625270508,-0.05689363893073818,0.0,詮欣
6649,74.48335476190476,53.545542857142856,35.26453095238095,74.38097380952381,53.46697142857143,35.25024523809524,0.10238095238095468,0.07857142857142208,0.014285714285712459,台生材
2642,62.136318308944446,60.38264531199262,60.38264531199262,62.03436475431301,60.38264531199262,60.38264531199262,0.10195355463143585,0.0,0.0,宅配通
4126,71.17127134986227,63.02673140495868,54.99971900826446,71.06934297520661,62.92755785123967,54.91982920110193,0.10192837465565674,0.09917355371901238,0.07988980716252314,太醫
6494,33.77787614517126,16.900181845892657,5.22818823632298,33.67622115426356,16.83047266940835,5.22818823632298,0.10165499090770425,0.06970917648430586,0.0,九齊
00968B,80.82299741276428,68.77914257017231,63.66230991126777,80.7216134369908,68.67117834535375,63.5136814738548,0.10138397577348712,0.10796422481855927,0.14862843741296672,元大優息投等債
3025,35.46885035437543,23.501590864707055,12.3891823314963,35.36838582047094,23.471627758103963,12.3891823314963,0.10046453390448562,0.029963106603091205,0.0,星通
6216,47.72663787159322,38.84461689886558,29.962993174604136,47.62630337914634,38.848722826164774,29.967099101903337,0.10033449244687631,-0.004105927299193013,-0.004105927299200118,居易
3494,72.11050843881857,61.834885021097044,56.77382489451477,72.01029746835444,61.822226793248944,56.76116666666666,0.10021097046413274,0.012658227848099557,0.012658227848106662,誠研
8478,80.122167095325,75.66359252594881,75.66359252594881,80.02213227228849,75.66359252594881,75.66359252594881,0.10003482303650912,0.0,0.0,東哥遊艇
8454,84.8777743508333,81.5336536588178,79.33528401848059,84.77821751482284,81.4691917953477,79.32550952159593,0.09955683601046417,0.06446186347010041,0.009774496884659811,富邦媒
6715,86.1312863261243,75.116026428943,65.4724937086351,86.03182709629574,77.02246971637501,67.26567435762468,0.09945922982855393,-1.9064432874320119,-1.7931806489895763,嘉基
4716,50.48976200086266,33.46276074229509,25.270956116866806,50.39037749200863,33.52249247782876,25.247657742990576,0.09938450885402972,-0.05973173553367417,0.023298373876230016,大立
3703,79.24091633886893,72.30870384707546,68.19398160856888,79.141704586444,72.28558792068152,68.13348424067279,0.09921175242492097,0.023115926393941777,0.06049736789609028,欣陸
5398,74.30039668083548,58.236286491624654,44.19514141787017,74.20122647196649,58.16541885994793,44.19514141787017,0.09917020886898342,0.07086763167672672,0.0,慕康生醫
5469,78.25357779030207,72.86129182213482,68.18332400867193,78.1546504691813,72.48247861841428,68.10204148377304,0.09892732112076885,0.37881320372054006,0.08128252489889576,瀚宇博
3669,66.06023033804904,58.60790067149196,54.6866566329405,65.96229657893703,58.633729355213816,54.6866566329405,0.09793375911200997,-0.025828683721854873,0.0,圓展
5014,53.06264281023266,37.98432405994871,26.840299296777005,52.96491386732137,37.94006957813135,26.839207981244478,0.09772894291128864,0.04425448181736158,0.0010913155325269486,建錩
6606,83.27980645958444,70.66425092600859,61.06745405096397,83.18263118863294,70.67784973431056,61.042976196020405,0.09717527095149592,-0.013598808301964027,0.02447785494356225,建德工業
2890,86.15665254792488,81.28367202933104,78.13114000378349,86.05952280822976,81.14669667488772,78.01152128386668,0.09712973969512007,0.13697535444332232,0.11961871991680084,建華金
2883,77.16387474701392,69.31512065638482,65.55966154390809,77.06681101263108,69.16066880800594,65.36350399420154,0.09706373438284288,0.15445184837888348,0.1961575497065553,開發金
5283,65.34061388455386,60.993175724661874,52.32367140328292,65.24384161690384,60.95550471110271,53.935534165269125,0.09677226765002445,0.03767101355916225,-1.6118627619862025,禾聯碩
4426,70.91868377433366,61.915078677614396,54.21010016620724,70.82197152631583,61.89249318256832,54.2124166272376,0.0967122480178233,0.02258549504607288,-0.0023164610303609834,利勤
5608,39.386458617198876,29.870400378869356,24.73029441121305,39.290443227732595,29.755205288231668,23.919474098358425,0.09601538946628096,0.11519509063768751,0.8108203128546236,四維航
6965,94.81974529219119,92.49695399652032,91.0104121891311,94.7244377494627,92.43810638624501,90.9515645788558,0.09530754272849151,0.058847610275307716,0.058847610275307716,中傑-KY
6465,76.32544846322013,63.428078001228464,55.17034699968353,76.23152677880176,63.39567778783396,55.17034699968353,0.0939216844183619,0.03240021339450294,0.0,威潤
5876,95.28821366332448,88.77209365202896,83.38231745704697,95.19439597740107,88.65170831292004,83.19184479840808,0.09381768592341189,0.12038533910892113,0.19047265863888185,上海商銀
1342,67.37157364128122,59.06111626589973,51.251966506066395,67.27777968516313,58.59997490798248,51.5805009536941,0.09379395611809116,0.4611413579172492,-0.32853444762770323,八貫
8463,86.80416666666667,82.49947933333334,76.80947933333333,86.710634,82.22747933333333,76.81281266666666,0.09353266666667537,0.27200000000000557,-0.0033333333333303017,潤泰材
6456,58.00107622718602,50.07875100831568,45.790287796820614,57.908496424511114,50.01167841136203,45.573603641832065,0.09257980267490495,0.06707259695365053,0.21668415498854898,GIS-KY
6220,77.16020686230974,63.792440857272545,53.65115021823995,77.06803455133678,63.68729527202296,53.58697002867079,0.09217231097295553,0.10514558524958773,0.06418018956915716,岳豐
1776,77.3556609558242,65.82735388079568,44.142421329233265,77.26432044000501,66.87382185009149,44.142421329233265,0.09134051581919778,-1.0464679692958043,0.0,展宇
3093,80.63298098861871,76.48419031453535,71.6331172837618,80.54173475223577,76.51265356833416,71.64758451993605,0.09124623638294338,-0.028463253798804544,-0.014467236174240838,港建*
4968,26.08731223192547,15.655965696871284,8.857787696500868,25.996978111829165,16.161480842327794,8.857787696500868,0.09033412009630482,-0.5055151454565099,0.0,立積
4903,50.72619615442835,42.791988518650484,37.88992858178515,50.63601516840388,42.82711163952317,37.93264589095463,0.09018098602447111,-0.03512312087268299,-0.042717309169482576,聯光通
3226,94.57246950139648,87.5723408512912,71.01877706411209,94.48245012503614,87.4590406017342,70.90082063991578,0.0900193763603454,0.11330024955699969,0.11795642419630781,龍鋒
5533,88.95409097943555,80.95978626706176,71.24837171522312,88.8645223453987,81.00489626908164,71.10585630573,0.08956863403685134,-0.045110002019882245,0.14251540949311448,皇鼎
6645,61.418868773931415,43.82115879570945,26.162913904020517,61.32939888160581,43.73736548915164,26.162913904020517,0.08946989232560298,0.08379330655780848,0.0,金萬林-創
2460,68.09751241134751,58.44931501182033,53.72807151300236,68.008195035461,58.14021335697399,53.65833156028369,0.0893173758865089,0.30910165484634433,0.0697399527186704,建通
6612,76.6829139136761,64.94301168719,44.56258407770633,76.59419149465258,64.90728312806645,44.554177357912565,0.08872241902352584,0.035728559123541004,0.008406719793768502,奈米醫材
2597,87.13434615533156,81.3939732746302,78.0826883713745,87.0465183640366,81.37289293116544,78.09588370087154,0.08782779129495566,0.021080343464760176,-0.013195329497037278,潤弘
3021,75.61246686311165,70.6417413896898,65.36068565634802,75.52480593137099,70.6417413896898,65.36068565634802,0.08766093174065759,0.0,0.0,鴻名
5489,89.8431910419328,85.41710056918436,82.6274985032341,89.7555636262384,85.37134005062057,82.6274985032341,0.08762741569439925,0.045760518563781716,0.0,彩富
8940,74.94885394551383,70.71365125962217,62.424304017161866,74.86143492367994,70.77736342807738,62.485052828944745,0.08741902183389527,-0.06371216845521133,-0.060748811782879386,新天地
2114,76.22657367917334,65.45301540842028,59.1900341404247,76.13938492204049,65.41967853069302,59.156697262697435,0.08718875713285001,0.033336877727265346,0.033336877727265346,鑫永銓
6161,51.4591364047146,40.84368507499011,35.28955966498995,51.372663819893624,41.58918437966198,35.28955966498995,0.08647258482097442,-0.745499304671867,0.0,捷波
6703,58.7878852233804,51.3265471888212,38.723081560881276,58.70200713182289,51.2603534579743,38.723081560881276,0.08587809155751103,0.06619373084690494,0.0,軒郁
6170,66.34777173334027,57.873976977060195,54.92927732559595,66.26244480801046,57.672455361368456,54.7277557099042,0.08532692532980946,0.201521615691739,0.2015216156917461,統振
3313,81.35044112721043,76.2810802115575,74.35400420481115,81.26557487262092,76.24399859467907,74.35400420481115,0.0848662545895138,0.037081616878424484,0.0,斐成
3338,41.59054847946335,30.335917352637452,22.594248694213658,41.5062957593427,29.577878344623393,22.604486653858373,0.08425272012065221,0.7580390080140589,-0.010237959644715744,泰碩
6203,63.386958250815496,59.23326396150937,52.21060402272438,63.30322299253034,59.23326396150937,52.21060402272438,0.08373525828515938,0.0,0.0,海韻電
5543,88.54735223476276,73.32890426653042,50.34753535985978,88.46384688218741,72.40178073665552,50.304712102128846,0.08350535257534375,0.9271235298748906,0.042823257730937314,桓鼎-KY
2884,81.19316553876851,74.55856187532365,70.43321674013528,81.11017062066766,74.45939608066486,70.267594726099,0.08299491810085158,0.09916579465878783,0.1656220140362734,玉山金
9946,86.94625194626985,81.62236523406608,78.44318683440403,86.86332511774847,81.59817322793172,78.44318683440403,0.08292682852138,0.024192006134356348,0.0,三發地產
5871,77.59487129691888,70.58147576083059,64.84324107054007,77.51269455233347,70.51057476149234,64.63834118497404,0.08217674458541069,0.07090099933824945,0.20489988556603578,中租-KY
3483,31.697736006237786,21.904958863043262,12.043812706237665,31.615695007182133,21.98193874387165,12.16052635306492,0.08204099905565343,-0.07697988082838592,-0.1167136468272556,力致
3293,64.1026447830878,55.54153071402443,45.68373964998632,64.02068994933882,55.59569826370018,45.91676391003655,0.0819548337489806,-0.05416754967574633,-0.2330242600502288,鈊象
4147,65.75169491998469,52.07276399541475,43.113753474186765,65.66989147332788,52.515739565635265,43.68127405896928,0.0818034466568065,-0.44297557022051137,-0.567520584782514,中裕
6532,51.67582063438021,35.29366836241824,18.46953892316139,51.59567940806855,36.58325336524918,18.46953892316139,0.08014122631166032,-1.2895850028309397,0.0,瑞耘
3419,46.17153674028203,31.600033389658673,24.961092224639295,46.092214305665955,31.696314596919102,24.92208173549067,0.07932243461607413,-0.09628120726042866,0.03901048914862315,譁裕
2466,90.79430130851266,87.45738243381362,80.9139941827189,90.715300945677,87.4694700375848,81.0465905898048,0.07900036283565726,-0.012087603771178124,-0.1325964070858987,冠西電
4198,87.13562302969969,82.12624854819977,78.06336485813837,87.05681101708976,82.07232453957192,78.00944084951054,0.0788120126099301,0.05392400862784541,0.0539240086278312,欣大健康
3035,36.90932276868921,28.81395655817155,23.033795012174867,36.83053376335802,29.03850244079346,22.544053132647743,0.07878900533118838,-0.22454588262191066,0.48974187952712356,智原
2462,65.81798317946273,56.093707308687115,50.317134756612425,65.7394956597722,55.77802495617553,50.317134756612425,0.07848751969052614,0.31568235251158683,0.0,良得電
4401,72.75143144608306,62.34474335623415,47.00870257144369,72.67310605355465,62.249382624844394,46.91986223194384,0.07832539252841286,0.09536073138975354,0.08884033949985337,東隆興
2754,79.20815230136226,73.14174856631206,66.51459270471358,79.13124480354745,73.11403415268511,66.51459270471358,0.07690749781481543,0.027714413626952705,0.0,亞洲藏壽司
6470,46.29308034944461,41.81802191854958,40.01402606774004,46.21623543207027,41.738433866307986,40.01402606774004,0.07684491737433774,0.07958805224159704,0.0,宇智
6118,63.11388326139458,56.71344830721121,51.701333221138576,63.03749056011079,56.68044122068876,51.701333221138576,0.07639270128378683,0.03300708652244566,0.0,建達
2897,91.41223945447481,86.65822133219741,82.54259296130635,91.33595058170269,86.47446788650618,82.38674019703708,0.0762888727721247,0.18375344569123797,0.15585276426926953,王道銀行
6854,76.71404751833344,65.00590736013207,54.65203526941368,76.63877981168066,65.08664249994361,54.65203526941368,0.07526770665278093,-0.08073513981153724,0.0,錼創科技-KY創
6261,47.864569304660485,40.01369780191658,30.67263177169255,47.789965802499836,39.534158779714446,30.711596583818913,0.07460350216064882,0.4795390222021325,-0.0389648121263626,久元
6728,72.60497343957503,63.33751992031873,59.01884462151394,72.53038512616202,63.33751992031873,59.01884462151394,0.07458831341301675,0.0,0.0,上洋
3689,38.542325683272274,25.623011291938475,14.211477934251745,38.46943303177526,25.456013847593262,14.100763982228534,0.07289265149701407,0.16699744434521335,0.11071395202321099,湧德
3520,55.61118924112905,41.538635257557004,28.63475034372705,55.538558391214764,40.819641552434014,28.63475034372705,0.07263084991428315,0.7189937051229904,0.0,華盈
5227,42.433571875,27.50016458333333,18.086257291666666,42.361463541666666,28.229097916666667,18.069590625,0.07210833333333255,-0.7289333333333374,0.01666666666666572,立凱-KY
3489,86.6731279094456,81.59848264532779,79.83328313183915,86.60113073038448,82.04512761470414,79.83328313183915,0.07199717906111402,-0.4466449693763508,0.0,森寶
4171,43.57847911006937,32.7383975350355,27.664802266871124,43.506770851481654,32.7383975350355,27.664802266871124,0.07170825858771224,0.0,0.0,瑞基
6461,73.19670085691824,60.45942349700715,52.73867070375022,73.12503501601235,60.06862553781899,52.73685787023587,0.07166584090589367,0.39079795918816274,0.0018128335143501317,益得
4160,45.722095497193855,29.637778230875643,25.36579722082159,45.650687623466986,29.637778230875643,25.36579722082159,0.0714078737268693,0.0,0.0,訊聯基因
1813,61.20083172672498,47.750926279137936,33.67762462552677,61.1300701975812,47.750926279137936,33.67762462552677,0.07076152914378042,0.0,0.0,寶利徠
3447,68.58551653007807,59.51970403278952,51.20658569135453,68.51500959597733,58.94255092891952,51.20658569135453,0.0705069341007345,0.5771531038699962,0.0,展達
3713,72.8984823729747,56.564314073492916,44.06549058574532,72.82813114008295,56.480318022669394,44.005331252047405,0.0703512328917526,0.08399605082352224,0.060159333697917816,新晶投控
4148,85.05140148683807,79.18024830290682,77.76987258599416,84.98149814783666,79.35872491312317,77.94834919621051,0.06990333900141366,-0.1784766102163502,-0.1784766102163502,全宇生技-KY
8162,82.63634246455707,74.85445547436755,61.8405257488865,82.56666035923263,74.78167738930453,61.7779365957323,0.0696821053244463,0.07277808506302108,0.06258915315419955,微矽電子-創
4527,78.04044444053415,67.51103084513325,61.92159613679784,77.9708471318752,67.47426245565306,61.896646158222005,0.06959730865894187,0.036768389480187125,0.024949978575833143,方土霖
3023,83.48230938291769,69.59126053643891,56.27009698136221,83.41336004320824,69.63243328020667,56.395727521920016,0.06894933970944805,-0.04117274376775981,-0.12563054055780754,信邦
6435,58.977680966757696,52.73680037799009,48.374869532023716,58.908825908337406,51.60496565789228,48.34817531692707,0.06885505842029005,1.1318347200978138,0.026694215096647156,大中
6188,50.072489865691736,42.50576351229425,36.84134127411262,50.00364888625265,42.257162524454486,36.44211496589062,0.06884097943908785,0.24860098783976525,0.3992263082220049,廣明
4550,69.40878093251573,56.25081810902851,49.244903040354124,69.34006836319233,56.176819957449474,49.242260249226305,0.0687125693233952,0.07399815157903333,0.0026427911278190663,長佳
3169,51.13922428238996,36.55438726417866,30.160539482999514,51.070685237699145,36.410869126739755,30.160539482999514,0.06853904469081584,0.14351813743890318,0.0,亞信
1737,69.4755205,62.3705375,59.304369,69.40791349999999,62.2795375,59.215869,0.06760700000000952,0.09099999999999397,0.08850000000000335,臺鹽
4142,53.42314056032749,40.486254788184844,33.42260157121728,53.35556343279021,40.47423405049152,33.32932758489224,0.06757712753727674,0.012020737693326566,0.09327398632503758,國光生
6415,89.63145769939396,79.44984179538224,65.12637255911302,89.56428230715736,79.58402140138527,65.02611161494093,0.06717539223660651,-0.13417960600303047,0.10026094417209208,矽力-KY
6177,84.50849624040426,75.9567733701523,67.61708804601166,84.44191418726899,76.09634551825911,67.63425025654101,0.06658205313526366,-0.13957214810680796,-0.01716221052934941,達麗
6166,81.94720782148515,74.11641604159806,65.94541431289525,81.8808202932846,74.1112691742529,66.3500114529948,0.0663875282005506,0.005146867345160899,-0.40459714009955405,凌華
5907,79.65436631531573,69.03202049802844,64.12231308590454,79.58837013056753,69.18887848985584,64.17908157785722,0.0659961847482009,-0.15685799182739402,-0.05676849195268119,大洋-KY
6712,54.67223675666898,40.16739427467488,31.11050089422349,54.60645235097251,39.890162552444494,31.118461975601452,0.06578440569646915,0.2772317222303897,-0.007961081377960255,長聖
3516,86.73756365630229,77.93486710755789,67.72041827324428,86.672084429117,77.92479338029862,67.72041827324428,0.06547922718527843,0.01007372725926814,0.0,亞帝歐
2729,72.28236066244426,67.8524714571294,59.29966236906053,72.21730608386004,67.77579998951228,59.22299090144341,0.06505457858422403,0.07667146761711763,0.07667146761711763,瓦城
3705,77.68862831176993,69.32020913526068,62.34881583020185,77.62381220692211,69.24401450756221,62.27036914454186,0.06481610484782152,0.07619462769847019,0.07844668565999058,永信
2453,54.27034200000001,48.158657,41.480762999999996,54.206342,48.101656999999996,41.480762999999996,0.06400000000000716,0.05700000000000216,0.0,凌群
3541,55.76078869133446,35.94041059223226,24.83568605179472,55.6969012944332,35.924438743006945,24.83568605179472,0.06388739690126499,0.015971849225316248,0.0,西柏
6538,71.37684845551709,52.34936558738925,23.614559147344178,71.31309411032147,52.41732589538578,22.1556412227391,0.06375434519561907,-0.06796030799652897,1.4589179246050783,倉和
4121,56.853617951741555,49.79053145102435,44.466620531603226,56.79018835583165,49.74394678829992,44.46301090306349,0.06342959590990205,0.04658466272442752,0.0036096285397348993,優盛
3228,34.997079061482474,24.323279535936024,19.580362090728904,34.93382831859797,24.328838528503113,19.587312569057346,0.06325074288450594,-0.005558992567088694,-0.006950478328441534,金麗科
6534,89.75646789883268,84.24195719844359,76.76556906614786,89.69323832684825,83.82172373540855,76.77529669260701,0.06322957198443646,0.4202334630350322,-0.009727626459152816,正瀚-創
2482,46.84100300514706,40.51504961094639,35.02207312737226,46.77854370015445,40.60974970427005,35.02207312737226,0.062459304992607656,-0.09470009332365947,0.0,連宇
5206,90.78211701404882,85.3684105704626,80.8362135251845,90.71968249803749,85.73758473902774,80.51138860604951,0.06243451601133643,-0.36917416856513796,0.324824919134997,坤悅
4904,95.58650634561785,93.57811420074901,91.01171717444109,95.52413046462652,93.50065804168165,90.9060665011508,0.062375880991325516,0.07745615906736703,0.10565067329028466,遠傳
8081,55.9545127335455,37.26148536848458,23.726914678342652,55.892268669134474,36.90274268906984,23.726914678342652,0.06224406441102559,0.35874267941473903,0.0,致新
2880,87.16278723486133,82.16941380729604,79.74295572807969,87.10060216647445,82.07216368659199,79.63989723960485,0.062185068386881426,0.0972501207040466,0.10305848847484356,華南金
6516,68.65536082145753,53.41173246290377,43.183069863491866,68.59478777111322,52.721244064839524,43.183069863491866,0.060573050344316925,0.6904883980642467,0.0,勤崴國際
3276,70.1953300710089,58.75701841613689,53.88819443514038,70.13485325607832,58.649433949348605,53.78060996835209,0.06047681493058121,0.10758446678828193,0.10758446678828903,宇環
6881,79.91378666666667,57.93828666666667,49.96988666666667,79.85378666666666,57.93828666666667,49.96988666666667,0.060000000000002274,0.0,0.0,潤德
8213,61.55698181031285,50.663310166952904,39.33107780665985,61.49790035844237,50.63348445616677,39.269509281304046,0.05908145187047609,0.029825710786134607,0.061568525355802706,志超
3071,65.3418190909091,58.15728545454546,56.15663363636364,65.28339363636364,58.230678181818185,56.23548090909091,0.058425454545457,-0.07339272727272572,-0.07884727272727332,協禧
6219,79.43353406084755,69.7401499866885,67.2832495339373,79.37538035013858,69.85889244920402,67.27684784850155,0.05815371070896447,-0.11874246251552734,0.006401685435747595,富旺
6191,64.10568252143489,58.132061493722254,53.40731860213137,64.04852965033257,57.78799426400402,52.87808485028129,0.057152871102317704,0.34406722971823456,0.5292337518500787,精成科
6266,52.2923434604821,38.854468966117025,31.602158580995443,52.23529786102691,38.79078016721743,31.600208903991607,0.057045599455193496,0.063688798899598,0.001949677003835859,泰詠
4442,87.89902411000395,74.9309261398298,49.6035538840417,87.84384274736192,75.1119908764099,49.72341700171745,0.05518136264203122,-0.18106473658011168,-0.11986311767574875,竣邦-KY
00981B,78.26579101954871,50.899145794563594,34.466415965592915,78.21062025310704,51.0829513966194,34.98957083965928,0.05517076644167673,-0.18380560205580565,-0.5231548740663641,第一金優選非投債
1563,63.93617948950483,45.946432606554,36.51227005077624,63.88112592036794,46.26352695725725,36.49631317971653,0.05505356913688786,-0.3170943507032504,0.01595687105970711,巧新
2887,83.01199936711429,75.72753722555741,71.70908004189387,82.95704576197626,75.62363186787557,71.59872705927607,0.054953605138024386,0.10390535768183895,0.11035298261779758,台新金
00758B,94.64892307692307,90.49773755656109,90.49773755656109,94.59462443438915,90.49773755656109,90.49773755656109,0.05429864253392225,0.0,0.0,復華能源債
4128,55.44583351554378,43.66556273128356,39.34012294735638,55.391672188604836,43.61842895727071,39.299789921324475,0.05416132693894582,0.04713377401284902,0.040333026031902364,中天
6417,85.11649004116005,68.54678289255808,54.18354780716279,85.06233618772768,67.94619387803378,54.35648389080758,0.05415385343236778,0.6005890145243029,-0.1729360836447924,韋僑
4726,68.77667842918676,58.03492483160405,50.326126898046674,68.72263426998799,58.00304721075648,50.30342616804916,0.05404415919876726,0.03187762084757395,0.022700729997517044,永昕
4536,74.15757542391543,56.31175071570139,38.546244219334945,74.10368861484254,55.7716053732658,38.38218343977098,0.05388680907289256,0.5401453424355935,0.16406077956396814,拓凱
4190,72.98960884867749,66.66993054149022,62.94281291417825,72.93574593693694,66.59811332583617,62.87099569852419,0.05386291174055202,0.07181721565405041,0.07181721565405752,佐登-KY
4934,45.82909466666666,34.75582088888889,29.436804,45.77533022222222,34.61183422222222,29.497261777777776,0.05376444444443962,0.14398666666667026,-0.06045777777777772,太極
6901,86.40664125534282,82.63273915334621,80.53719491773523,86.35314760817378,82.56540300954389,80.52185444112652,0.053493647169034375,0.06733614380232211,0.015340476608713516,鑽石投資
3321,60.95165106523209,47.55047012284412,37.669423109328775,60.89823335917396,47.545825104926024,37.669423109328775,0.05341770605813423,0.004645017918093686,0.0,同泰
00950B,94.91035731830847,91.03148377455011,89.69049444876879,94.85715744061076,90.95264858467218,89.60619590986715,0.05319987769770762,0.07883518987793536,0.08429853890163486,凱基A級公司債
5471,38.2627008328273,26.55450093592894,18.53245144354504,38.209606027058065,26.538944909579133,19.25995762303727,0.0530948057692342,0.015556026349806018,-0.7275061794922308,松翰
3552,46.37820124676549,38.19993403891043,32.4257641066483,46.32545831508939,38.382936539749544,32.4257641066483,0.05274293167610011,-0.18300250083911607,0.0,同致
6486,53.169589010228194,43.167973079985444,40.50553937507592,53.11713022421072,43.11492089545957,40.452487190550045,0.05245878601747478,0.05305218452587468,0.05305218452587468,互動
4106,61.64135392341632,51.00189366813556,46.170328141899546,61.58982365121965,50.94243566175478,46.15447267353134,0.05153027219666484,0.05945800638077969,0.015855468368208392,雃博
4207,84.5953093273707,73.14537274898014,64.0314176014096,84.544093944974,73.52011207848928,63.80375338509491,0.05121538239670542,-0.3747393295091399,0.22766421631469314,環泰
00937B,79.48748307615386,60.72670399972301,51.78241951068364,79.43658286731234,60.655569293239964,51.702042666724445,0.050900208841525796,0.07113470648304343,0.08037684395919342,群益ESG投等債20+
6244,42.65387278831263,32.26274521329249,26.230156620649897,42.60308241840757,32.26363762318999,26.401017460965946,0.0507903699050658,-0.0008924098975029437,-0.17086084031604898,茂迪
00845B,99.71371308283872,99.60083146664643,99.34571041674576,99.66294552649008,99.60095717799123,99.34571041674576,0.050767556348645826,-0.00012571134480765522,0.0,富邦新興投等債
3693,64.52643681444175,52.26068692912936,41.57825877386394,64.47571420921932,54.23837307674074,44.191508050556244,0.05072260522243255,-1.9776861476113794,-2.613249276692301,營邦
2886,86.32190786597779,83.48166518497476,81.93452881025905,86.2721707807384,83.39054794422857,81.8634167628248,0.04973708523938569,0.09111724074618621,0.07111204743425503,交銀金
3530,63.16668796361191,57.364082250093254,53.681049203687856,63.11705575540265,57.441525687342775,53.681049203687856,0.0496322082092604,-0.07744343724952074,0.0,晶相光
4967,32.68329061525777,21.604359392512624,11.584541684663842,32.63370677839752,22.38817015056876,11.523669010352556,0.049583836860250585,-0.7838107580561378,0.060872674311285735,十銓
1541,88.78217639593909,83.78563197969542,79.46738959390863,88.73268401015228,83.78563197969542,79.46738959390863,0.049492385786805926,0.0,0.0,錩泰
6290,48.170815840590116,39.77883042021545,28.954861374554557,48.121410846504865,39.40612158850915,28.544768481656636,0.049404994085250564,0.37270883170629787,0.4100928928979215,良維
3707,49.85751495005022,45.214972398109445,42.372305860453196,49.80813909937919,45.03450407400316,42.209514559070094,0.04937585067103356,0.1804683241062861,0.16279130138310194,漢磊
3236,39.094536524277245,30.040455097152623,26.463533122420912,39.04555776260087,30.001339135039146,26.422512409522792,0.048978761676373495,0.039115962113477565,0.04102071289812059,千如
3310,90.97827062410217,82.3175162560504,70.43941243737258,90.93023757864778,82.19876789367704,70.0698248376263,0.04803304545438891,0.11874836237335273,0.3695875997462821,佳穎
4303,28.437864649827237,18.949582928832637,12.45944242224779,28.390246818791383,19.238308772856815,12.45944242224779,0.04761783103585415,-0.288725844024178,0.0,信立
00931B,82.43068658652052,76.85755224686226,75.18483988139296,82.38354888532011,76.78587787109457,75.11294202631338,0.04713770120041261,0.0716743757676852,0.0718978550795839,統一美債20年
6169,40.456290585664604,31.10047634191296,26.44562760526199,40.40927191155702,31.05345766780537,26.44562760526199,0.047018674107583536,0.04701867410758709,0.0,昱泉
1784,48.71295524981735,28.097871525508527,18.134282794977246,48.66608506575088,28.834020306510073,18.134282794977246,0.0468701840664707,-0.7361487810015461,0.0,訊聯
3205,76.84156655520769,66.3388606140936,61.71774455700917,76.79500839958102,66.3388606140936,61.71774455700917,0.04655815562666987,0.0,0.0,佰研
3164,67.14639296259692,55.300251955682924,40.030714205557835,67.09988693920653,55.272348341648694,40.029551554973075,0.04650602339039267,0.027903614034229918,0.001162650584760172,景岳
6767,74.27080135250358,59.321328830432506,51.867973947283595,74.22486380154162,59.30601631344518,51.867973947283595,0.04593755096196617,0.015312516987329161,0.0,台微醫
6134,62.65933378346825,55.12091242096244,48.459455438847534,62.61421037758465,55.157613963498285,48.47153988458799,0.04512340588360075,-0.03670154253584457,-0.012084445740455863,萬旭
1777,68.17505979193936,59.88294282392784,54.220922170000506,68.13020840890324,59.856031994106175,54.19401134017884,0.04485138303611791,0.026910829821666482,0.026910829821666482,生泰
00848B,99.67656137462701,99.2165566710273,99.2165566710273,99.63179633413196,99.53698940220187,99.2165566710273,0.04476504049505081,-0.32043273117456295,0.0,中信新興亞洲債
6655,93.10089655791181,86.15066978072494,76.44883073693126,93.05621592224983,86.10474801629458,76.4029089725009,0.044680635661976,0.04592176443036067,0.04592176443036067,科定
4439,84.87526692180836,78.31302617153236,69.43532386094063,84.83078158923746,78.29209189738134,69.41438958678961,0.04448533257090048,0.020934274151017007,0.020934274151017007,冠星-KY
4166,89.59842913876523,82.8199490979675,79.18342811806899,89.5539911111354,82.96231537167047,79.18342811806899,0.044438027629823296,-0.14236627370297583,0.0,友霖
6697,70.89317040171188,66.76414734291136,61.11901521350006,70.84925194423352,66.76414734291136,61.11901521350006,0.04391845747836953,0.0,0.0,東捷資訊
6117,62.285311848331695,55.36743006333411,49.94641898589954,62.24141274422818,55.50980322156202,51.12608229693079,0.043899104103516606,-0.14237315822790464,-1.1796633110312484,迎廣
6123,56.03093473397968,43.89494959125893,33.34493648918987,55.987805009644966,43.86309392758155,33.34493648918987,0.04312972433471174,0.031855663677376356,0.0,上奇
6661,78.21896677378305,66.09871728107252,61.90611685903789,78.17605614221064,66.05580664950013,61.86320622746548,0.04291063157241126,0.04291063157239705,0.042910631572404156,威健生技
2734,47.59678873959653,38.99058605904042,31.346242107895666,47.55401000632905,38.99058605904042,31.346242107895666,0.042778733267482494,0.0,0.0,易飛網
4192,74.21497533023361,68.3656983605625,66.60882992791025,74.17231867366236,68.3315730353055,66.60882992791025,0.04265665657125339,0.0341253252570084,0.0,杏國
6592,83.97018817352865,79.83940104119343,75.70993416528995,83.92771405647514,79.894471345643,75.54385653179374,0.04247411705351567,-0.05507030444957195,0.16607763349621507,和潤企業
6505,96.67704887944238,95.96894396965686,95.45522679272419,96.63482347489581,95.93067978281208,95.41305363488223,0.042225404546570644,0.03826418684478483,0.042173157841958187,台塑化
6229,51.38668556293622,35.092429021300426,32.80059562891625,51.34489986546319,35.092429021300426,32.80059562891625,0.04178569747303129,0.0,0.0,研通
2937,94.2492594789281,84.56868573370868,71.58402897434027,94.2079200587479,84.54112612025523,71.58402897434027,0.04133942018019354,0.02755961345344815,0.0,集雅社
3672,77.34784737821116,55.9398215878133,40.16566898441115,77.3066121603442,55.93737002908161,40.16566898441115,0.041235217866955054,0.002451558731685566,0.0,康聯訊
8482,96.97009418860057,95.16264100368565,90.26506831465694,96.92914262313391,95.22965265626745,90.26506831465694,0.04095156546665635,-0.06701165258179742,0.0,商億-KY
4120,81.16583675822133,71.56089990723497,63.89338878216808,81.12555299963333,71.52743943000573,63.89108323009551,0.04028375858800359,0.03346047722924084,0.002305552072570549,友華
4175,65.48197663287512,56.05467691832304,54.98223000390777,65.44180963930819,56.05467691832304,54.98223000390777,0.040166993566927545,0.0,0.0,杏一
7786,85.95580670814631,82.4871143553338,77.76893878548128,85.91602357034975,82.13759107326403,77.63935942237248,0.03978313779656162,0.349523282069768,0.12957936310880314,東方風能
6841,57.021315228463706,47.61854488936497,37.03905569032692,56.98176070907239,47.60314419835544,37.03905569032692,0.03955451939131649,0.015400691009531897,0.0,長佳智能
5516,84.40694494618832,70.84509072741814,60.519883675738484,84.36814406642493,70.84509072741814,60.519883675738484,0.038800879763385865,0.0,0.0,雙喜
00722B,91.3668551329156,89.94102505649538,89.15471292270556,91.32810631720163,89.92067852058405,89.14297709782663,0.03874881571397282,0.02034653591132951,0.011735824878925882,群益投資級電信債
2645,84.89210703952006,80.9365195799668,78.21861054995502,84.85410729729765,80.71056506510507,78.08854841235664,0.03799974222241076,0.22595451486172635,0.13006213759837237,長榮航太
6961,60.31922188268615,44.49594916896474,33.34488335693523,60.281955727808004,44.46613624506223,33.34488335693523,0.03726615487814655,0.029812923902511557,0.0,旅天下
3521,88.74517165593758,81.81992374991032,78.97978469118968,88.70799091965124,81.80915749115853,78.96901843243789,0.037180736286344995,0.010766258751786495,0.010766258751786495,台鋼建設
5609,61.32836426751771,52.664795918367346,46.28478835978836,61.29121525153272,52.65293104896279,46.28967694073514,0.037149015984994094,0.011864869404554668,-0.00488858094678335,中菲行
5272,33.48654838604983,23.93204783302619,10.264771125931818,33.45017101237102,23.94471152985092,10.264771125931818,0.03637737367881044,-0.012663696824731119,0.0,笙科
6910,72.91544510337144,57.06845778316569,49.55928704826185,72.87940434454966,57.035693456964054,49.52652272206022,0.036040758821783925,0.03276432620163661,0.0327643262016295,德鴻
3252,86.69781312578749,79.36532639792601,66.9942222603131,86.66195351901676,79.56454643554113,67.42254534118564,0.03585960677072819,-0.1992200376151203,-0.4283230808725449,海灣
4513,66.57739847535844,57.892532612999794,53.258412566704635,66.54174160624913,57.670525284647525,53.33759765216271,0.0356568691093031,0.22200732835226944,-0.07918508545807157,福裕
3465,80.8497131410445,67.99645838675306,58.20064331889389,80.81427716442828,67.9799215976655,58.20064331889389,0.03543597661622755,0.016536789087567172,0.0,進泰電子
5324,87.1819707376684,81.3264745432098,75.22817058766339,87.14707352167552,81.17893441483487,74.88847490287199,0.034897215992870656,0.1475401283749278,0.3396956847913941,士開
2633,89.57097674283897,87.01083025588254,85.24200624522634,89.53613003212598,86.96507910231848,85.16425960064143,0.03484671071298351,0.0457511535640549,0.07774664458490577,台灣高鐵
6931,82.37762757860061,70.06838325460575,49.75166646108003,82.34285925055205,70.078964919664,49.76224812613829,0.034768328048556896,-0.010581665058253975,-0.01058166505826108,青松健康
00720B,76.05708335065722,65.80600695761026,62.48231729799938,76.02234045062468,65.76760241622263,62.46443043502982,0.03474290003254055,0.03840454138763505,0.017886862969561435,元大投資級公司債
00679B,58.765986109333824,42.722234744050596,37.49989712712096,58.731536141450015,42.707434267014065,37.48082388223766,0.03444996788380905,0.014800477036530424,0.019073244883301754,元大美債20年
8443,75.51872754491018,69.57505688622754,60.37788173652695,75.4843113772455,69.45679341317366,59.307522455089824,0.03441616766467348,0.11826347305388651,1.0703592814371277,阿瘦
3122,39.07315569505462,26.59763026110275,15.847846549676667,39.03881833569861,26.59763026110275,15.847846549676667,0.034337359356015895,0.0,0.0,笙泉
2947,82.67218686996047,62.82687189598537,54.683917844770704,82.63834930903278,62.79726403017363,54.683917844770704,0.033837560927693744,0.029607865811740908,0.0,振宇五金
5234,77.06804742256533,64.8122791803891,58.52398953069695,77.0349902265872,65.0468173329057,58.56487900886164,0.03305719597813095,-0.23453815251660615,-0.040889478164686466,達興材料
5015,60.6722741625057,52.11122134235667,42.229989256617536,60.63929219106146,52.07823937091243,42.197007285173285,0.03298197144424364,0.03298197144424364,0.032981971444250746,華祺
4767,88.06019735795002,62.76029285373229,46.86512175712239,88.02836543052682,62.74756008276301,46.85238898615311,0.03183192742319818,0.012732770969279272,0.012732770969279272,誠泰科技
6735,65.58776251295626,48.60954713984312,35.590641538536026,65.55601874415414,48.61604313618735,35.590641538536026,0.031743768802115824,-0.006495996344227706,0.0,美達科技
6242,73.91938125854777,63.72205366827536,55.47038812821279,73.88794114410577,63.70004558816594,55.47038812821279,0.031440114442006006,0.022008080109415573,0.0,立康
3033,50.86938161788892,39.54521116718666,32.90076841816619,50.838255279312975,39.564099447696634,32.57088998018487,0.0311263385759446,-0.018888280509976596,0.3298784379813142,威健
6614,80.55562894268932,74.22585827334291,73.63659230517491,80.52457161787983,74.22951433700756,73.64024836883956,0.031057324809495412,-0.003656063664649878,-0.003656063664649878,資拓宏宇
6155,59.1298408338418,52.59142428311701,48.65664913977767,59.09916737696547,53.095832240638764,48.67823416498693,0.03067345687632894,-0.5044079575217566,-0.0215850252092622,鈞寶
3288,66.34313186813186,48.21781440781441,36.751599511599515,66.31260683760684,48.21781440781441,36.751599511599515,0.030525030525026864,0.0,0.0,點晶
3570,60.736140843422824,54.039059484120024,45.2529683570217,60.70689594665731,54.00981458735451,45.2529683570217,0.029244896765511896,0.029244896765511896,0.0,大塚
3149,37.04654223617993,26.35346407474924,19.375571290364636,37.01751035493373,26.028385542041388,20.60694767341154,0.029031881246204705,0.3250785327078525,-1.2313763830469036,正達
8201,65.25333283092505,58.228558624031976,45.88620051462108,65.22449673321037,58.19010194211535,45.88620051462108,0.02883609771467377,0.0384566819166281,0.0,無敵
5450,85.53471448578253,81.31342096265934,79.37229585893556,85.50612047120747,81.32649251217936,79.37229585893556,0.028594014575062943,-0.013071549520020653,0.0,南良
6870,84.1738348601948,73.7793893877513,60.15626454462972,84.14538316264002,75.5261233433125,60.20336149307832,0.028451697554785937,-1.7467339555612114,-0.047096948448597686,騰雲
4188,67.5991609416275,54.31809217642015,47.924609484170155,67.57073969453475,54.29124988749923,47.924609484170155,0.0284212470927514,0.026842288920924773,0.0,安克
6569,75.87437584283039,68.09525616614097,60.794516769850695,75.84635204268399,68.09525616614097,60.794516769850695,0.028023800146399935,0.0,0.0,醫揚
2235,84.61987847706115,83.99832766597916,76.0829895757846,84.59200624338035,83.99832766597916,76.0829895757846,0.027872233680795944,0.0,0.0,謚源
4167,59.465614783885165,42.29768337770379,34.34119466890231,59.43816980788007,42.22670737316044,34.00745658236917,0.02744497600509277,0.07097600454335407,0.3337380865331383,松瑞藥
00890B,75.13307599649583,73.59453022339028,65.7030223390276,75.10569973718792,73.5835797196671,65.7030223390276,0.027376259307914097,0.01095050372317985,0.0,凱基ESG BBB債15+
5703,92.63215274279632,88.30363825850132,83.83009588580481,92.60510247254561,88.30363825850132,83.83009588580481,0.027050270250711606,0.0,0.0,亞都
6904,91.59616216216216,79.90894594594594,64.3651081081081,91.56913513513514,79.90894594594594,64.3651081081081,0.027027027027017425,0.0,0.0,伯鑫
4116,65.51179374410985,54.95659471345869,54.95659471345869,65.48486738769466,54.95659471345869,54.95659471345869,0.02692635641518848,0.0,0.0,明基醫
6171,91.209496,87.502892,78.376749,91.182671,87.511892,78.376749,0.02682500000000232,-0.009000000000000341,0.0,大城地產
8926,66.34671762124194,57.1366210516427,51.745993529909114,66.31992684413247,57.18118061092496,51.67241130122054,0.026790777109468422,-0.04455955928226274,0.07358222868857212,台汽電
6597,88.95635646464562,81.20783896013116,72.45608101923125,88.92972730071816,81.18120979620367,72.45608101923125,0.026629163927466948,0.02662916392748116,0.0,立誠
5388,56.176401063246686,44.49378457251632,34.87062252374826,56.149806358652285,44.18971305036941,34.763208030246396,0.02659470459440172,0.3040715221469057,0.10741449350186372,中磊
6552,64.88235180722891,58.38186746987952,55.76690361445783,64.85584578313252,58.38186746987952,55.76690361445783,0.02650602409639191,0.0,0.0,易華電
5215,64.50428443753643,53.38404507480086,42.71111249271421,64.47786127841461,53.35295900524577,42.71111249271421,0.02642315912181914,0.031086069555087192,0.0,科嘉-KY
4972,60.991214283455484,50.05225564839569,36.87766405588523,60.96484695603356,50.024130499145635,36.849538906635175,0.026367327421922937,0.028125149250058712,0.028125149250058712,湯石照明
4943,71.571625611443,64.20923590809134,53.50948514650846,71.54530557490592,64.19266058369627,53.492909822113376,0.026320036537072156,0.016575324395077473,0.01657532439508458,康控-KY
5016,76.80071063532287,65.98330549491722,59.949551485915265,76.77451261813391,65.98733595910014,59.953581950098176,0.02619801718896042,-0.004030464182918081,-0.0040304641829109755,松和
5607,83.87451996632934,76.97707614566775,70.48938406267501,83.8490890503403,76.8423798627647,70.6572256793998,0.02543091598904823,0.13469628290305025,-0.16784161672478604,遠雄港
5438,80.1767629925438,75.21174562241171,74.38930271241175,80.15136769102557,75.21174562241171,74.38930271241175,0.02539530151823044,0.0,0.0,東友
5511,80.46206911764706,68.56069485294117,59.923384558823535,80.43682058823529,68.55040073529412,58.92447058823529,0.025248529411769027,0.010294117647049461,0.9989139705882479,德昌
6721,71.52764489795919,50.5634693877551,37.77761632653061,71.50315510204082,50.5634693877551,37.77761632653061,0.024489795918370305,0.0,0.0,信實
6542,88.77582074364123,84.74125030981679,77.61766668738063,88.75201157696921,84.74125030981679,77.61766668738063,0.023809166672023707,0.0,0.0,隆中
5434,68.94975502116323,55.397513719834926,38.97704044477386,68.92604671839715,55.00398455253256,39.11950880907823,0.0237083027660816,0.3935291673023684,-0.1424683643043707,崇越
1799,74.98905018506335,66.29229397925508,64.07179105544688,74.9653565710832,66.28788880967703,64.06986522576823,0.023693613980142914,0.004405169578049595,0.0019258296786546225,易威
4729,63.35617667272216,49.95602431759751,44.70676005718827,63.332555860148275,49.947188916933996,44.69792465652475,0.023620812573881267,0.008835400663514292,0.008835400663521398,熒茂
3402,39.60476396708057,30.020943029931736,24.524230005788546,39.58126698924313,29.942944672365556,24.524230005788546,0.023496977837439204,0.07799835756618023,0.0,漢科
6952,89.75918209086254,86.88413197746726,79.94653595727559,89.73577145365425,86.87388982368864,79.93629380349697,0.02341063720828629,0.010242153778619922,0.010242153778619922,大武山
6792,66.26614022985746,53.906230401569076,48.081444877919886,66.24316388452715,53.906230401569076,48.081444877919886,0.022976345330306458,0.0,0.0,詠業
6751,70.44652702702703,64.70643243243244,56.936369369369366,70.4240045045045,64.68390990990991,56.936369369369366,0.022522522522535837,0.022522522522521626,0.0,智聯服務
00734B,87.42388806597542,82.5533448096401,80.06725649545618,87.40141719043997,82.56135153528965,80.06725649545618,0.02247087553544702,-0.008006725649551072,0.0,台新JPM新興債
3628,69.06073777777777,59.16498222222222,56.029871111111106,69.03844444444445,59.16498222222222,56.029871111111106,0.022293333333323062,0.0,0.0,盈正
4414,74.5235849552449,64.07414079375715,57.36381909349245,74.50164866743336,63.89565233859907,56.929392117287634,0.021936287811541888,0.17848845515808165,0.4344269762048185,如興
1582,41.86446137650296,31.534465392068256,25.785976275198447,41.842955657906,30.89335639513085,25.755477608974438,0.021505718596955603,0.6411089969374046,0.030498666224008986,信錦
2115,81.57216812524882,70.53177357478377,58.78243624752466,81.55069708867595,70.89103738285674,58.77764574405012,0.0214710365728763,-0.3592638080729671,0.004790503474538355,六暉-KY
6115,67.26089587568094,60.24738477636785,56.051644808467884,67.23958097592762,60.34969629518374,56.09534035296216,0.021314899753321015,-0.10231151881588829,-0.04369554449427682,鎰勝
5211,57.964425426639856,47.967266044141454,40.884211128482065,57.94331673771958,47.967266044141454,40.884211128482065,0.02110868892027895,0.0,0.0,蒙恬
6556,85.1016347826087,77.45641739130434,63.6502747826087,85.0807652173913,77.43554782608696,63.6294052173913,0.020869565217395802,0.02086956521738159,0.020869565217395802,勝品
4609,87.80204192895378,76.27974701971894,64.61088347464963,87.78118548842238,76.27974701971894,64.61088347464963,0.020856440531403564,0.0,0.0,唐鋒
3036,87.83777564596484,83.19430437860234,78.47717981268208,87.81700885253169,83.25985934473579,78.54907331196938,0.020766793433153907,-0.06555496613344758,-0.07189349928729882,文曄
00756B,98.11477182316295,97.66321489154095,97.21534188996472,98.09422854101726,97.63756390177146,97.17995894472745,0.02054328214569523,0.02565098976948832,0.03538294523727359,群益投等新興公債
4153,82.30018386281753,76.69707320305072,72.11678756720613,82.27972985091053,76.68684619709721,72.10996956323713,0.02045401190700602,0.010227005953510115,0.006818003969002007,鈺緯
6201,75.05864013452916,69.1280369955157,61.436292600896856,75.03846076233184,69.1280369955157,61.436292600896856,0.020179372197318912,0.0,0.0,亞弘電
5220,59.600980664028036,44.70205712557037,19.65746086167343,59.58081276627928,44.67684725338443,19.65746086167343,0.020167897748756047,0.02520987218593973,0.0,萬達光電
2723,78.83643000000001,69.96278055555555,61.829796111111115,78.81713666666667,69.71333611111112,61.815351666666665,0.01929333333333716,0.24944444444443548,0.014444444444450255,美食-KY
00942B,93.08422537693353,89.90733054420494,88.9339200545027,93.06495623652283,89.84773067434635,88.83153752422635,0.019269140410699492,0.05959986985858734,0.10238253027635835,台新美A公司債20+
00787B,49.97176859224123,41.34056411993902,16.94053870913095,49.95280365915636,41.313128917499576,16.94053870913095,0.018964933084873792,0.027435202439441753,0.0,元大10年IG醫療債
6781,76.57152092315063,70.0555100412345,67.69770652308544,76.55267612110592,70.05055796863407,67.6953651176006,0.018844802044711173,0.004952072600431734,0.00234140548484163,AES-KY
5523,95.8464385858962,92.52378351729634,89.24072097796444,95.8277290851911,92.50507401659122,89.22201147725933,0.018709500705099913,0.018709500705114124,0.018709500705114124,豐謙
1337,59.0898983598091,47.25376700849904,39.101694322690264,59.07142684968368,47.43132068148167,39.06562877353237,0.01847151012541559,-0.1775536729826328,0.036065549157896726,再生-KY
1742,88.90743628286212,80.8133672453068,72.77216247101313,88.88909187634142,80.81876265898936,72.71820833418761,0.01834440652069702,-0.005395413682563799,0.0539541368255243,台蠟
3629,91.48624924904676,86.8990910029385,84.0163530743429,91.46804248318196,86.8990910029385,84.0163530743429,0.018206765864803742,0.0,0.0,地心引力
6971,78.94692251991312,73.80313437467674,61.37428105927382,78.92881969587255,73.80313437467674,61.37428105927382,0.018102824040568066,0.0,0.0,惠民實業
6578,74.1776715074571,64.38049781308948,57.44346816745919,74.16060634816975,64.31794733920083,57.425398030558014,0.017065159287355414,0.0625504738886491,0.018070136901172873,達邦蛋白
2926,85.05209470844373,74.63957214286242,65.19394424731982,85.0352133852012,74.62269081961989,65.1770629240773,0.016881323242529334,0.016881323242529334,0.016881323242515123,誠品生活
6958,95.97027018109824,94.19049261610127,93.0407870769362,95.95357399956978,94.18226912370665,93.03256358454158,0.01669618152845942,0.00822349239462028,0.00822349239462028,日盛台駿
5547,82.15715294117646,67.49057647058824,58.82721764705883,82.14050588235294,66.70622745098039,58.82721764705883,0.016647058823522798,0.7843490196078449,0.0,久舜
2732,64.5445979960261,59.08840061076685,54.13027528576222,64.52807126272369,59.09767002726009,54.13094598565691,0.016526733302413277,-0.009269416493239646,-0.0006706998946910403,六角
4999,50.341638760931616,41.30586746074832,27.2921004821466,50.325164074971916,41.30586746074832,27.2921004821466,0.016474685959700253,0.0,0.0,鑫禾
6674,87.90647220473839,84.27991917626933,81.38333578966761,87.89042567774585,84.27991917626933,81.38333578966761,0.01604652699253961,0.0,0.0,鋐寶科技
4430,72.50277301390071,64.10604125283666,53.29192410602277,72.4867797265322,64.10604125283666,53.29192410602277,0.01599328736850225,0.0,0.0,耀億
5013,93.34373763266774,87.49522396114409,81.84981936199557,93.3279973916172,87.47873418480542,81.83332958565688,0.01574024105053695,0.016489776338673323,0.016489776338687534,強新
2496,61.8766164549089,49.57813013731621,35.024460169503946,61.86091001045002,49.57813013731621,35.07157950288056,0.015706444458878366,0.0,-0.04711933337661378,卓越
2948,85.96038125,80.3824625,69.093675,85.94475625,80.3668375,69.081175,0.015625,0.015625,0.012500000000002842,寶陞
4568,79.47484991866938,68.42042588381229,61.9834623831238,79.45924692133359,68.4048228864765,61.967859385788,0.015602997335790292,0.015602997335790292,0.015602997335797397,科際精密
2752,79.3986340155139,63.59614669455272,40.59451721877176,79.3836492967428,63.59614669455272,40.59451721877176,0.01498471877110319,0.0,0.0,豆府
9940,87.08115272312483,81.71299124037368,77.92126772672464,87.06619248378054,81.69317571570198,77.91181514738823,0.014960239344290471,0.019815524671699336,0.009452579336411304,信義
5478,84.71379778194405,79.23889432376363,72.96475950959059,84.69897215385808,79.24145720514761,72.96732239097457,0.014825628085972653,-0.002562881383980198,-0.002562881383980198,智冠
1786,62.68607211605134,51.072590942697225,44.3968546329023,62.67129816373605,51.193590347181996,44.40271743966912,0.014773952315294991,-0.12099940448477042,-0.005862806766820938,科妍
4157,73.057221696799,59.425755381094525,52.55323577565163,73.04247611529141,59.2822267480148,52.66108458005792,0.014745581507597194,0.1435286330797254,-0.10784880440628797,太景*-KY
3207,58.7456086167916,37.55054415302949,22.486828334486862,58.731313680965705,37.57116830530743,22.486828334486862,0.014294935825894584,-0.020624152277939345,0.0,耀勝
3691,67.16367109539458,59.29155880353605,53.99427339557017,67.14942260529702,58.75695528094187,53.9823017036153,0.014248490097557465,0.5346035225941819,0.011971691954869357,碩禾
3224,79.59481684693603,71.9630439025169,63.53471613242524,79.58073007837729,71.93618028648588,63.50785251639422,0.014086768558740914,0.026863616031022275,0.02686361603101517,三顧
00724B,98.09109184576329,97.65552253764544,97.50082162555506,98.07704653950773,97.63508802738299,97.48016859720052,0.014045306255553669,0.020434510262447247,0.020653028354544745,群益投資級金融債
3567,35.978167520763385,18.61830123107734,7.936717323437592,35.964127937798196,18.61830123107734,7.936717323437592,0.014039582965189368,0.0,0.0,逸昌
3191,66.63221811420279,54.402125668970804,47.594377286103494,66.61868977863602,54.39777219645373,47.59002381358642,0.01352833556676103,0.004353472517074408,0.004353472517074408,雲嘉南
2882,89.0764371699782,85.9509247531586,83.53737227889002,89.06308347211099,85.92194260645198,83.5245738051916,0.013353697867216852,0.02898214670662469,0.012798473698424573,國泰金
3512,79.83602395817786,71.85287843789109,64.40633349409173,79.82275811813693,72.18894638559453,64.38422376069019,0.013265840040929788,-0.33606794770344095,0.022109733401535436,皇龍
2035,97.352184,96.60043485714286,96.11986342857143,97.33932685714286,96.58757771428571,96.10700628571428,0.012857142857129134,0.012857142857143344,0.012857142857157555,唐榮
3499,51.79357524157096,44.34305205641213,41.848865891866986,51.78084116097268,44.32849882144264,41.83431265689752,0.012734080598285402,0.014553234969483242,0.014553234969469031,環天科
4545,79.4078818181818,72.47151818181818,69.05974025974025,79.39528961038961,72.56671818181817,69.13766233766235,0.012592207792195609,-0.09519999999999129,-0.07792207792209638,銘鈺
2881,89.72981178880046,86.79201382744125,84.58147372185351,89.71732502197463,86.78447320860523,84.5630026817338,0.012486766825830387,0.007540618836017643,0.018471040119706572,富邦金
2646,69.69741383006479,65.33491141625966,63.60249294138567,69.68515685163365,65.37948187527316,63.63621731392096,0.012256978431139487,-0.04457045901349943,-0.03372437253528915,星宇航空
6955,86.9625336456084,60.30108321168059,49.64050533077884,86.95043725430465,60.30108321168059,49.64050533077884,0.01209639130375706,0.0,0.0,邦睿生技-創
3581,67.70554248519782,58.29604948437439,48.536223189428696,67.69347331686468,59.15281143394895,48.536223189428696,0.012069168333141533,-0.8567619495745546,0.0,博磊
00751B,83.39495824292842,75.5557689102014,72.80957873940476,83.3829145349795,75.60791507553525,72.95575971235164,0.012043707948919291,-0.05214616533385197,-0.1461809729468797,元大AAA至A公司債
6843,81.72937785251021,76.76177035791495,55.90019216910882,81.71736728320921,76.74975978861399,55.88818159980783,0.012010569300997531,0.01201056930096911,0.012010569300990426,進典
4806,93.86003946968262,89.11166720088264,85.8801174525418,93.84803311736172,89.10166190728191,85.8801174525418,0.01200635232089553,0.010005293600727327,0.0,桂田文創
3168,84.64172049592402,75.47125419986983,66.90205303090032,84.62973641860829,75.46060168670029,66.90205303090032,0.011984077315730701,0.010652513169546296,0.0,眾福科
6982,74.61107364499757,65.04739440868498,53.53797610009584,74.59917740757282,64.00116842252727,53.491353057383314,0.011896237424750211,1.0462259861577081,0.046623042712525375,大井泵浦
4581,74.65411959054839,62.818962211274666,46.154753827546536,74.64231983244343,62.77176317885483,46.160653706599014,0.011799758104956481,0.04719903241983303,-0.005899879052478241,光隆精密-KY
6508,65.96914999947306,61.990059171564816,59.7748694736737,65.95735067657002,61.95770376648346,59.751758470044166,0.01179932290304464,0.03235540508135415,0.023111003629530558,惠光
6662,71.55943995876997,47.675856225890584,40.18083037903516,71.54772688229139,47.67195186706439,40.17692602020897,0.011713076478585549,0.0039043588261975515,0.003904358826190446,樂斯科
6903,74.12276231327614,68.09274401583778,65.51778001079849,74.11113744075828,68.09274401583778,65.51778001079849,0.011624872517856488,0.0,0.0,巨漢
00780B,97.58721221282232,97.4032441833061,96.87825860821935,97.57560726853094,97.39773427278121,96.87274869769446,0.011604944291377706,0.005509910524892803,0.005509910524892803,國泰A級金融債
2432,87.39794212738443,77.5595910119625,72.93225509214355,87.38662625282898,77.55150824442289,72.93225509214355,0.011315874555450023,0.008082767539605129,0.0,倚天酷碁-創
6875,74.66272755621561,61.37499384205965,52.5981035370621,74.65148999242965,61.18766240745169,52.649193928318816,0.011237563785968518,0.18733143460796242,-0.05109039125671444,國邑*
5906,93.59304271470864,86.27027941705269,82.47580705541236,93.58185121505552,86.27587516687925,82.48140280523893,0.011191499653122605,-0.005595749826554197,-0.005595749826568408,台南-KY
7780,78.91183271728794,75.59865108716447,73.52893679703409,78.90097822636577,75.58235601784574,73.52856643771506,0.010854490922170612,0.016295069318729816,0.00037035931903517394,大研生醫
1789,83.4700589823531,76.98671332633099,74.61428996878568,83.45927831059328,77.0024002932284,74.73380244188772,0.010780671759818006,-0.015686966897419552,-0.11951247310203428,神隆
2751,74.78107788052105,60.32143415052029,60.32143415052029,74.77049560331578,60.32143415052029,60.32143415052029,0.010582277205273272,0.0,0.0,王座
6144,90.77717360022226,89.543579806928,89.543579806928,90.76669904486113,89.543579806928,89.543579806928,0.010474555361128068,0.0,0.0,得利影
5704,85.7707338111339,83.96608535899549,79.45029852879782,85.7605404183484,83.95589196620999,79.45029852879782,0.010193392785495803,0.010193392785495803,0.0,老爺知
00773B,96.51717324841256,95.68411633169994,95.25255413892413,96.50711900346597,95.64471599474128,95.24451347256331,0.010054244946587687,0.039400336958664184,0.00804066636081302,中信優先金融債
5520,92.39692142983326,83.80739420072399,73.58645054305322,92.38691730229698,83.80739420072399,73.58645054305322,0.010004127536276997,0.0,0.0,力泰
3285,80.95387085400358,65.231177374483,51.72712625274586,80.94387209981139,65.20777752849142,51.70372640675428,0.009998754192196202,0.02339984599157674,0.023399845991583845,微端
2949,92.0319636044398,81.78424730182662,62.462274526697804,92.02217283322074,81.78424730182662,61.044280394633354,0.009790771219059025,0.0,1.4179941320644502,欣新網
5432,56.02108856019711,54.1165848245662,51.409675961740554,56.01142102854416,54.1165848245662,51.409675961740554,0.009667531652944206,0.0,0.0,新門
4735,61.275658031447556,53.37989650785333,42.942683060196316,61.26603542015857,53.37989650785333,42.942683060196316,0.009622611288982341,0.0,0.0,豪展
3432,73.29655695003552,66.51243192043572,58.48198437130002,73.28708501065593,66.51243192043572,58.48198437130002,0.009471939379594119,0.0,0.0,台端
6899,85.42036555027394,80.07415169563464,61.268449388918114,85.4109312522467,80.0670759721142,61.26137366539767,0.009434298027244381,0.007075723520443944,0.007075723520443944,創為精密
1538,85.3827801857585,78.46897213622292,70.77560061919505,85.37349226006192,78.46897213622292,70.77560061919505,0.009287925696582988,0.0,0.0,正峰新
5701,65.53292657342658,54.18406993006993,49.249471328671326,65.52383566433566,54.207146853146845,49.259261538461544,0.009090909090915034,-0.023076923076914113,-0.00979020979021783,劍湖山
6132,57.69027592162293,35.50977455732265,15.682169657704115,57.681232289540574,35.504207980784514,15.679711292401269,0.009043632082352815,0.005566576538136303,0.002458365302846488,銳普
4994,92.08051109162832,86.26908835642647,80.57446138643094,92.07147268744897,86.26155635294366,80.55186537598254,0.009038404179349868,0.007532003482808136,0.022596010448395987,傳奇
6212,96.25837450980393,91.84576470588235,86.12375588235294,96.24955098039216,91.83792156862745,86.12375588235294,0.008823529411770892,0.007843137254894827,0.0,理銘
6210,66.10443391919652,54.12535665373203,36.443391919653045,66.09566309061859,54.12535665373203,36.443391919653045,0.008770828577937095,0.0,0.0,慶生
5203,57.56866433806488,42.98694573685507,33.112642394128464,57.56014250887771,43.059147907587736,33.112642394128464,0.00852182918716693,-0.0722021707326661,0.0,訊連
6523,67.61218821192017,63.08435794339879,61.69027778933962,67.60391918552865,63.08435794339879,61.69027778933962,0.008269026391516832,0.0,0.0,達爾膚
6223,70.37826877777272,50.5432633074947,38.82282793343779,70.37001516278988,50.44426483422466,38.7687359841253,0.008253614982834279,0.09899847327003641,0.05409194931249317,旺矽
4104,53.321081641618605,45.30447393205756,40.068952250435444,53.31304681420128,45.374549731138266,40.068952250435444,0.008034827417326085,-0.07007579908070483,0.0,佳醫
5455,96.64430967735198,93.9970699742311,89.00438374125615,96.63667630085293,93.9970699742311,89.00438374125615,0.007633376499057931,0.0,0.0,昇益
00761B,98.89380477285617,98.55961067641243,98.48011061260028,98.88617324701316,98.55154033378804,98.47205480333547,0.0076315258430099675,0.008070342624392879,0.008055809264817526,國泰A級公司債
4554,64.10865474927627,52.18413364842128,50.62174237518661,64.10105811938438,52.18413364842128,50.62174237518661,0.007596629891892803,0.0,0.0,橙的
4728,92.72236564272993,84.50026990801094,65.9181462644364,92.7150524209096,84.49295668619062,65.9181462644364,0.007313221820325566,0.007313221820311355,0.0,雙美
3716,60.025835837325516,52.92530719927866,44.79180263469437,60.018601770997456,52.85165294165341,44.01747330180924,0.007234066328059896,0.07365425762525035,0.7743293328851308,中化控股
6136,58.76862092618905,47.04772466017034,34.692870676994886,58.762016947523,47.20715491839923,35.560995264419326,0.00660397866604967,-0.15943025822889467,-0.8681245874244397,富爾特
3531,88.15078267824096,80.38878489126876,60.81166376905106,88.14424406069989,80.38551558249823,60.808394460280525,0.0065386175410679925,0.003269308770526891,0.0032693087705339963,先益
4558,83.962608,72.849438,52.101072,83.95627,72.819438,52.111072,0.006337999999999511,0.030000000000001137,-0.00999999999999801,寶緯
3332,92.32929043311479,87.01428559965372,77.9864796134628,92.32305397739734,87.01012796250876,77.98232197631785,0.006236455717456124,0.004157637144956539,0.004157637144956539,幸康
6936,81.89113510246689,76.21090462062524,64.77977858359431,81.8849829679688,76.20887313883853,64.78049420361519,0.006152134498094597,0.002031481786715972,-0.0007156200208839891,永鴻生技
5530,88.44432518158104,83.15592512919059,79.43714802755531,88.43830138919364,83.05151177561906,79.41565114664073,0.006023792387395588,0.10441335357153037,0.021496880914583016,龍巖
6733,61.761061185654796,48.71995691712916,40.25471465333556,61.75510508329065,48.70357763562778,40.25471465333556,0.005956102364145011,0.01637928150137924,0.0,博晟生醫
5546,92.38969022797625,84.10674157699034,76.1047297111053,92.3837609040122,84.54752482477895,76.53458444861816,0.005929323964039668,-0.4407832477886018,-0.42985473751285497,永固-KY
6276,53.37974413646055,50.93149752755976,48.785691602776396,53.373855645783244,50.9178877648233,48.772081840039924,0.005888490677307345,0.013609762736464859,0.013609762736471964,安鈦克
6452,51.03834907498012,39.24951863456651,30.51273564221028,51.0326925024558,39.2438620620422,30.507079069685965,0.005656572524316061,0.005656572524316061,0.005656572524316061,康友-KY
7736,89.45727105263158,84.71923947368421,76.73303421052631,89.45200789473684,84.71397631578948,76.73303421052631,0.005263157894745518,0.005263157894731307,0.0,虎山
4950,80.06409834124058,73.08021064659809,68.13857349291753,80.05890165597053,73.08021064659809,68.13857349291753,0.005196685270050239,0.0,0.0,金耘國際
6160,48.62157522245869,38.77442139715038,29.995094111298258,48.61653062559426,38.76858105345784,29.995094111298258,0.005044596864429707,0.005840343692540273,0.0,欣技
2724,91.55179721452932,84.78595864362794,81.32939589242352,91.54676841164171,84.78595864362794,81.32939589242352,0.005028802887608208,0.0,0.0,藝舍-KY
00746B,99.694285706444,99.58508902693785,99.44577719975659,99.68929512433816,99.58120777238965,99.4061716613134,0.004990582105847352,0.003881254548204538,0.039605538443197474,富邦A級公司債
3584,39.86522443002888,25.476480635617076,18.428205994297517,39.86034631737911,25.471602522967302,18.423327881647744,0.004878112649770117,0.004878112649773669,0.004878112649773669,介面
6629,92.02604261022984,84.03429450199836,79.95560032822678,92.02123536424841,84.03950560875329,79.95560032822678,0.004807245981425012,-0.005211106754927641,0.0,泰金-KY
7732,93.44878942486086,88.92331632653061,84.44743506493506,93.44415120593692,88.91867810760668,81.82993351886209,0.004638218923943782,0.004638218923929571,2.6175015460729725,金興精密
00726B,98.51318537913998,97.9654653918444,97.65249172486013,98.50861700613648,98.00393847858801,97.61067470940783,0.004568373003507986,-0.03847308674360761,0.041817015452295436,國泰新興投等債
4911,73.48530779391812,58.17430668028556,48.05575088401314,73.48077403922073,58.17866605980229,48.05575088401314,0.004533754697391146,-0.004359379516728268,0.0,德英
00849B,99.9566333612023,99.84890878613525,99.74594465472009,99.95210201067258,99.85460228838977,99.6389939642794,0.004531350529717315,-0.005693502254516147,0.10695069044069783,中信EM主權債0-5
6803,59.98509775170159,56.355077386806684,54.285924663008004,59.980615263114046,56.343726236577176,54.285924663008004,0.004482488587541411,0.011351150229508278,0.0,崑鼎
1795,62.530301571433164,57.304390740331414,52.288021676862826,62.52595648747447,57.170096529358005,52.508633848656174,0.004345083958696705,0.1342942109734082,-0.22061217179334847,美時製藥
6666,83.78252511184266,78.8326622773698,77.96746433696295,83.77830463408458,78.8326622773698,77.96746433696295,0.004220477758082097,0.0,0.0,羅麗芬-KY
6504,77.05440082644628,70.75141460055096,64.54735812672176,77.05026859504133,70.74452754820936,64.54047107438016,0.004132231404952336,0.0068870523415967,0.0068870523415967,南六
1341,91.45437498441362,83.72219716418161,75.97151436253348,91.45059073463527,83.72030503929243,75.97151436253348,0.0037842497783486806,0.0018921248891814457,0.0,富林-KY
2455,71.53213445863726,57.17982537591878,40.71855781565228,71.52841550882815,57.49297608730277,40.729847507346996,0.0037189498091123596,-0.3131507113839902,-0.01128969169471361,全新
2073,89.62218181818183,75.22981818181819,51.61527272727273,89.61854545454545,75.22618181818181,51.61163636363636,0.00363636363637454,0.00363636363637454,0.00363636363637454,雄順
4529,69.22908199988323,58.8027245140504,53.9903939363231,69.22553376561234,58.815734706376986,54.0034041286497,0.003548234270894568,-0.013010192326589731,-0.013010192326596837,淳紳
2247,81.68862292572383,76.6979318264791,72.70869250093848,81.68524296202474,76.6979318264791,72.70869250093848,0.003379963699089217,0.0,0.0,汎德永業
00840B,99.48622604364725,99.27478925140079,99.27478925140079,99.48286079655398,99.27478925140079,99.27478925140079,0.0033652470932707956,0.0,0.0,凱基IG精選15+
8367,82.0900344487364,70.6860490033034,61.3883055262176,82.08677966529781,70.6827942198648,61.3883055262176,0.0032547834385923125,0.0032547834385923125,0.0,建新國際
6831,77.46641185185184,57.807090370370375,37.85506074074074,77.46318222222223,57.6401525925926,37.94246814814815,0.0032296296296152605,0.1669377777777754,-0.0874074074074116,邁科
5312,70.50883436398776,55.76852794521896,50.64547562168688,70.50567918047413,55.75021289579946,50.64547562168688,0.00315518351362698,0.018315049419506124,0.0,寶島科
6921,86.1441077444438,78.03259322322376,75.1787422976045,86.14098878168356,78.03259322322376,75.1787422976045,0.0031189627602401515,0.0,0.0,嘉雨思-創
2475,80.54076841108588,71.1920138639789,64.60335757692017,80.53767674634796,71.18892219924098,64.60026591218225,0.0030916647379228834,0.0030916647379228834,0.0030916647379228834,華映
8481,83.56280888586515,66.52638381032747,53.63365645040636,83.55980596699798,66.51887651315955,53.62765061267203,0.0030029188671676366,0.007507297167919091,0.006005837734335273,政伸
2479,41.81408446285307,32.49344928547633,25.700680812175186,41.81114841993724,32.490513242560496,25.697744769259355,0.002936042915827386,0.0029360429158344914,0.0029360429158309387,和立
4530,80.32362042934594,72.63959430712018,64.46744358612061,80.32082673987698,72.63680061765122,64.46744358612061,0.00279368946895886,0.00279368946895886,0.0,宏易
6020,97.76985034235,96.92376818876612,96.26891923054784,97.76707645191549,96.91505024740052,96.25940874905807,0.0027738904345113724,0.00871794136560311,0.009510481489769518,大展證
5345,87.90179388808043,78.88334435771928,78.88334435771928,87.89914803545442,78.88334435771928,78.88334435771928,0.002645852626017131,0.0,0.0,馥鴻
3646,73.7759098439435,48.910223536327656,19.978555308445443,73.77336514445203,48.97129632412306,19.978555308445443,0.0025446994914659626,-0.06107278779540337,0.0,艾恩特
4706,91.15037483253373,82.96853199957641,77.56918873928188,91.14784415096159,82.97232802193463,77.5729847616401,0.002530681572139315,-0.003796022358216078,-0.003796022358216078,大恭
5344,78.53638618528522,75.60388337147594,73.54591952971184,78.53386879832281,75.60388337147594,73.54591952971184,0.0025173869624097733,0.0,0.0,立衛
4572,76.94382665654706,64.18097908729071,61.890108866412106,76.94132782343965,64.18097908729071,61.890108866412106,0.002498833107409837,0.0,0.0,駐龍
1735,82.59240149716264,78.4251619913873,77.82448585342296,82.59010443916772,78.41510041453697,77.81442427657262,0.0022970579949230796,0.010061576850333154,0.010061576850333154,日勝化
2499,58.42236047447139,44.203784851180565,37.98363666061489,58.42012725130671,44.20155162801589,37.98140343745021,0.0022332231646799983,0.002233223164672893,0.0022332231646799983,東貝
1583,93.2340915623212,91.25993008506407,89.51036290808956,93.23226341497266,91.25993008506407,89.51036290808956,0.0018281473485330935,0.0,0.0,程泰
3142,72.1969643977815,51.29094396866587,38.741586456752316,72.1951891036065,51.28968274508373,38.740633816799374,0.0017752941750046602,0.001261223582140758,0.000952639952942036,遠茂
00760B,99.26421267987678,99.1630679049239,99.1630679049239,99.26255965242977,99.1614148774769,99.1614148774769,0.0016530274470056838,0.0016530274470056838,0.0016530274470056838,復華新興企業債
6124,94.04040263164262,93.78284008141277,92.35456148345507,94.03875861536456,93.78119606513472,92.35291746717701,0.0016440162780639866,0.0016440162780497758,0.0016440162780639866,業強
3664,77.5310734187283,68.47221786784993,66.69462447990745,77.52975668288539,68.47221786784993,66.69462447990745,0.001316735842905814,0.0,0.0,安瑞-KY
6198,95.86815196118327,94.59283017800139,93.58116363239631,95.86698510242249,94.59283017800139,93.58116363239631,0.0011668587607829295,0.0,0.0,瑞築
00754B,99.80698075005752,99.75228161668839,99.75228161668839,99.80590704808651,99.75228161668839,99.75228161668839,0.0010737019710092,0.0,0.0,群益AAA-AA公司債
2490,38.97887681270239,21.56466077597104,15.552065488614703,38.97797328847237,21.428228617238233,15.415633329881896,0.0009035242300186042,0.13643215873280568,0.13643215873280745,皇統
5903,92.80775692142281,91.4384409999104,88.19859824388494,92.80686094435983,91.4384409999104,88.19859824388494,0.0008959770629815011,0.0,0.0,全家
5514,95.4714133103121,92.33095379146418,87.59729911635812,95.47056627720649,92.33010675835857,87.5964520832525,0.0008470331056145142,0.0008470331056145142,0.0008470331056145142,三豐
00740B,97.49642575625572,96.68040393513294,96.26821261826576,97.49562143907883,96.6927223135313,96.24144765037967,0.0008043171768861157,-0.012318378398362029,0.026764967886094837,富邦全球投等債
4419,97.94096861518875,96.84867387742221,95.07358261093451,97.94037746983558,96.84867387742221,95.07358261093451,0.0005911453531695088,0.0,0.0,皇家美食
3579,77.19851672277738,74.14784838371467,65.76169943051407,77.19799479491785,74.14732645585514,65.76117750265452,0.0005219278595376409,0.0005219278595376409,0.0005219278595518517,尚志
00844B,99.33125647941831,99.21566787850358,98.91403776240179,99.33083335287908,99.21613697666236,98.91403776240179,0.0004231265392320438,-0.00046909815877427263,0.0,新光15年IG金融債
3519,59.40308296912307,50.843173068572256,46.45045048399665,59.40279770603034,50.84288780547953,46.450165220903926,0.0002852630927279165,0.0002852630927279165,0.0002852630927208111,綠能
00687B,59.699043860388066,42.35775539351877,36.41877407818884,59.69893608177691,42.38802843300971,36.51072042744753,0.00010777861115940368,-0.03027303949093607,-0.09194634925869138,國泰20年美債
3383,59.65221066666667,48.49358933333333,38.501172,59.65217466666667,48.49355333333333,38.501172,3.600000000147929e-05,3.600000000147929e-05,0.0,新世紀
2443,66.59815517961155,55.26197045901835,45.97127871763778,66.59815517961155,55.26197045901835,45.97127871763778,0.0,0.0,0.0,利碟
2445,28.762989953195973,15.720258064966211,12.459930134465658,28.762989953195973,15.720258064966211,12.459930134465658,0.0,0.0,0.0,南方
3001,37.36331676190301,19.588865812005658,10.82117067458858,37.36331676190301,19.588865812005658,10.82117067458858,0.0,0.0,0.0,協和
8487,75.12712266817411,55.95181081590353,46.057697380817785,75.12712266817411,55.95181081590353,46.057697380817785,0.0,0.0,0.0,愛爾達-創
6289,32.364938508201135,0.0,0.0,32.364938508201135,0.0,0.0,0.0,0.0,0.0,華上
6236,94.44859116783368,92.73485579633706,87.98381592719015,94.44859116783368,92.73485579633706,87.98381592719015,0.0,0.0,0.0,中湛
3020,99.45968610775122,99.45968610775122,99.45968610775122,99.45968610775122,99.45968610775122,99.45968610775122,0.0,0.0,0.0,奇普仕
2945,86.32601481481481,83.48580296296296,83.48580296296296,86.32601481481481,83.48580296296296,83.48580296296296,0.0,0.0,0.0,三商家購
2941,84.21890188434048,66.49183235867446,20.62846653671215,84.21890188434048,66.49183235867446,20.62846653671215,0.0,0.0,0.0,米斯特
4432,67.45292850224357,55.4403921801182,45.45032319278894,67.45292850224357,55.42655517997984,45.45032319278894,0.0,0.013837000138359201,0.0,銘旺實
6496,70.2472583126067,65.97339153846187,62.53785877925711,70.2472583126067,65.97339153846187,62.53785877925711,0.0,0.0,0.0,科懋
4305,90.88699785509144,84.75342640055258,74.81120442069292,90.88699785509144,84.75342640055258,74.81120442069292,0.0,0.0,0.0,世坤
00687C,93.67399349626314,93.67399349626314,93.67399349626314,93.67399349626314,93.67399349626314,93.67399349626314,0.0,0.0,0.0,國泰20年美債+櫃U
4183,78.48886554621849,62.64546218487395,43.25545378151261,78.48886554621849,62.64546218487395,43.25545378151261,0.0,0.0,0.0,福永生技
6482,72.2208968961632,67.60463082544975,65.78001480244278,72.2208968961632,67.60463082544975,65.78001480244278,0.0,0.0,0.0,弘煜科
3067,83.83264,71.35406,63.629349999999995,83.83264,71.35406,63.629349999999995,0.0,0.0,0.0,全域
3085,93.91147152952375,89.65550180697315,87.92976102564258,93.91147152952375,89.65550180697315,87.92976102564258,0.0,0.0,0.0,新零售
3039,57.2624591756395,33.309434431065995,17.717245649051748,57.2624591756395,33.309434431065995,17.717245649051748,0.0,0.0,0.0,宏傳
3064,73.27607812533743,63.484771990456714,60.15723380889648,73.27607812533743,63.484771990456714,60.15723380889648,0.0,0.0,0.0,泰偉
00750B,99.74137432432433,99.74137432432433,99.32432432432432,99.74137432432433,99.74137432432433,99.32432432432432,0.0,0.0,0.0,凱基科技債10+
00749B,99.86516172895092,99.75776677172445,99.75776677172445,99.86516172895092,99.75776677172445,99.75776677172445,0.0,0.0,0.0,凱基新興債10+
3054,91.6534369345586,88.42260076965405,85.16986904112001,91.6534369345586,88.42756040805475,85.16986904112001,0.0,-0.0049596384006918015,0.0,立萬利
6228,84.22689615384616,80.44935384615385,75.50750384615384,84.22689615384616,80.44935384615385,75.50750384615384,0.0,0.0,0.0,全譜
6280,99.9510776633391,99.9510776633391,99.9510776633391,99.9510776633391,99.9510776633391,99.9510776633391,0.0,0.0,0.0,崇貿
6246,72.01655473117715,63.00238709702134,53.994705349852836,72.01655473117715,63.00238709702134,53.994705349852836,0.0,0.0,0.0,臺龍
2936,99.76261212572427,99.52594346122346,98.55126301125428,99.76261212572427,99.52594346122346,98.55126301125428,0.0,0.0,0.0,客思達-KY
3632,23.16994303069391,17.214412085496853,15.584418760521283,23.16994303069391,17.214412085496853,15.584418760521283,0.0,0.0,0.0,研勤
4584,86.89510839132869,80.08984614564169,69.25045329706957,86.89510839132869,80.08984614564169,69.25045329706957,0.0,0.0,0.0,君帆
3536,74.73048947614237,67.915024013744,65.1204131337694,74.73048947614237,67.915024013744,65.1204131337694,0.0,0.0,0.0,誠創
4804,75.08960866719488,62.018070916847336,54.88115888560827,75.08960866719488,62.018070916847336,54.88115888560827,0.0,0.0,0.0,大略-KY
6884,80.51715606307775,73.01986949429038,69.21345296356716,80.51715606307775,73.01986949429038,69.21345296356716,0.0,0.0,0.0,海柏特
6702,87.15318166486298,79.75154475093292,75.46470193926123,87.15318166486298,79.75154475093292,75.46470193926123,0.0,0.0,0.0,興航
4946,52.12904007041376,42.588697200981024,42.588697200981024,52.12904007041376,42.588697200981024,42.588697200981024,0.0,0.0,0.0,辣椒
5878,77.47336259475439,72.77059424991778,54.25496965889519,77.47336259475439,72.77059424991778,54.25496965889519,0.0,0.0,0.0,台名
6637,65.65707571801566,59.23457292055203,53.806967549421856,65.65707571801566,59.23457292055203,53.806967549421856,0.0,0.0,0.0,醫影
6172,92.20410666666666,91.42744,85.3707,92.20410666666666,91.42744,85.3707,0.0,0.0,0.0,互億
1788,62.75447586262214,49.81043877052906,40.09261837528207,62.75447586262214,49.81043877052906,40.09261837528207,0.0,0.0,0.0,杏昌
6131,60.116876244232664,41.20767539513081,29.634992317890784,60.116876244232664,41.20767539513081,29.634992317890784,0.0,0.0,0.0,悠克
6615,58.41784989858012,51.53241268165273,35.88920688728964,58.41784989858012,51.53241268165273,35.88920688728964,0.0,0.0,0.0,慧智
2719,91.16369905910979,90.67220162550123,89.18008653022439,91.16369905910979,90.67220162550123,89.18008653022439,0.0,0.0,0.0,燦星旅
1268,83.29269110047834,78.11309422450361,72.16005549486036,83.29269110047834,78.11309422450361,72.16005549486036,0.0,0.0,0.0,漢來美食
2494,83.93830674348173,81.49350281583128,73.06241419917211,83.93830674348173,81.49350281583128,73.06241419917211,0.0,0.0,0.0,突破
5259,87.49914232989731,82.08770481098925,74.45429742591998,87.49914232989731,82.08770481098925,74.45429742591998,0.0,0.0,0.0,奕智博
6846,77.91597063759495,66.79293560465202,64.19929787288048,77.91597063759495,66.79293560465202,64.19929787288048,0.0,0.0,0.0,綠茵
6855,84.41519457700043,61.35090854443125,41.79850196879824,84.41519457700043,61.35090854443125,41.79850196879824,0.0,0.0,0.0,數泓科
5276,91.24810126582278,88.34430379746836,85.29873417721518,91.24810126582278,88.34430379746836,85.29873417721518,0.0,0.0,0.0,達輝-KY
6791,80.39960186117906,74.2890487839977,56.02791288914473,80.39960186117906,74.2890487839977,56.02791288914473,0.0,0.0,0.0,虎門科技
6806,65.19359892286603,60.256258506910186,58.457018124575455,65.19359892286603,60.256258506910186,58.457018124575455,0.0,0.0,0.0,森崴能源
5348,70.22158421707431,53.13076677406892,40.791870988446945,70.22158421707431,53.13076677406892,40.791870988446945,0.0,0.0,0.0,正能量智能
6762,88.87797733935896,77.61767793416612,61.86146720545478,88.87797733935896,77.61767793416612,61.86146720545478,0.0,0.0,0.0,達亞
00759B,99.38365281430825,98.89531825355077,98.89531825355077,99.38365281430825,98.89531825355077,98.89531825355077,0.0,0.0,0.0,復華製藥債
1592,44.1087176991888,26.48221881314582,18.10077199811675,44.1087176991888,26.48221881314582,18.10077199811675,0.0,0.0,0.0,英瑞-KY
1729,93.18348544158013,91.42236269829078,85.84923324475433,93.18348544158013,91.42236269829078,85.84923324475433,0.0,0.0,0.0,必翔
5205,82.6905037037037,74.45082222222223,71.26297037037037,82.6905037037037,74.45082222222223,71.26297037037037,0.0,0.0,0.0,中茂
00778B,99.95614834280458,99.95614834280458,99.92970469401833,99.95614834280458,99.95614834280458,99.92970469401833,0.0,0.0,0.0,凱基金融債20+
00841B,99.44207836456559,99.44207836456559,98.66553094832481,99.44207836456559,99.44207836456559,98.66553094832481,0.0,0.0,0.0,凱基AAA-AA公司債
4131,87.0702023621455,77.32181850096542,72.2464655583139,87.0702023621455,77.32181850096542,72.2464655583139,0.0,0.0,0.0,浩泰
8427,0.0,0.0,0.0,0.0,0.0,0.0,0.0,0.0,0.0,基勝-KY
00785B,99.91665666791417,99.84201967904944,99.70511516118052,99.91667331160563,99.84188041742755,99.70511516118052,-1.6643691466811106e-05,0.0001392616218964804,0.0,富邦金融投等債
3018,69.21272421165858,64.29173264273135,62.19105872339059,69.21277197113231,64.29173264273135,62.19105872339059,-4.775947373047984e-05,0.0,0.0,同開
00777B,99.95656490019984,99.9378807213541,99.88972624178363,99.95661305467941,99.9378807213541,99.88972624178363,-4.815447957184915e-05,0.0,0.0,凱基AAA至A公司債
00836B,99.70201842544736,99.61209564485101,99.33025766762194,99.70211190715025,99.60972488316924,99.25155417793773,-9.348170289058544e-05,0.0023707616817745247,0.0787034896842016,永豐10年A公司債
6183,86.15154666666666,77.46277466666666,71.05805666666667,86.15167866666667,77.46024,71.05805666666667,-0.00013200000000779255,0.002534666666662133,0.0,關貿
00870B,99.61386720931098,99.61386720931098,99.43614386928323,99.61401752367716,99.61401752367716,99.43330774916645,-0.00015031436618073712,-0.00015031436618073712,0.002836120116782581,元大15年EM主權債
00867B,99.8550533486685,99.72042820490135,99.72042820490135,99.85540723701672,99.72042820490135,99.72042820490135,-0.0003538883482150368,0.0,0.0,新光A-BBB電信債
2485,29.11579193083707,23.286112324990302,20.45409990021154,29.116327045304995,23.49967462050005,19.98669661364487,-0.0005351144679259789,-0.21356229550974604,0.4674032865666682,兆赫
7791,85.93338874999999,80.099,70.07271874999999,85.9340525,80.10091375,70.07271874999999,-0.0006637500000152841,-0.0019137499999999363,0.0,皇家可口
00789B,99.6132394644425,99.38323090430202,99.07155399473223,99.61394600526778,99.38323090430202,99.07155399473223,-0.0007065408252771022,0.0,0.0,復華公司債A3
3092,51.319502012437965,37.552962632179785,30.307237041048108,51.320391845230986,37.50232936471658,30.25941673288842,-0.0008898327930211281,0.050633267463204845,0.04782030815968952,鴻碩
00779B,99.6738355625795,99.58270053579,99.50560844929268,99.67496304858783,99.60838115054136,99.46726775324626,-0.001127486008329015,-0.025680614751365738,0.03834069604641854,凱基美債25+
4560,91.2049915679402,86.09306338994061,84.16640674423809,91.20635726205644,85.87866409857433,83.9520074528718,-0.0013656941162452085,0.2143992913662771,0.21439929136629132,強信-KY
00792B,99.8973816186036,99.87304677437797,99.81468017768266,99.89876014782439,99.87740198436755,99.81468017768266,-0.0013785292207870725,-0.004355209989583386,0.0,群益A級公司債
4528,67.4576536200408,62.33459724891477,58.69005180792484,67.45914235009882,62.33069779795676,58.69005180792484,-0.0014887300580141982,0.003899450958009254,0.0,江興鍛
6550,82.47467652529588,76.62533670592533,73.07073267009085,82.47622157591883,76.56991045952758,72.97791575158692,-0.001545050622951294,0.05542624639775795,0.09281691850392804,北極星藥業-KY
6807,91.29722222222222,81.43518518518519,73.55925925925926,91.29907407407407,81.43703703703704,73.55925925925926,-0.0018518518518533256,-0.0018518518518533256,0.0,峰源-KY
5498,41.84119131456142,34.775703945488196,29.96202063931816,41.843097296339785,34.77799639361795,30.073207215275115,-0.0019059817783642075,-0.0022924481297508237,-0.1111865759569568,凱崴
4552,66.27512586206896,49.94887413793103,44.28377068965517,66.27735,50.02742155172414,44.264805172413794,-0.002224137931037262,-0.07854741379311037,0.018965517241376517,力達-KY
3259,80.78077366898367,71.02849803855042,62.66105221102221,80.78351467412176,71.03123904368852,62.6637932161603,-0.002741005138091168,-0.002741005138091168,-0.002741005138091168,鑫創
6730,85.54092576633619,74.32842185754994,60.56628933886865,85.54367915983171,74.3256684640544,60.56628933886865,-0.002753393495524392,0.002753393495538603,0.0,常廣
6754,86.10062575757576,83.11729242424242,81.35606060606061,86.10365606060606,83.12638333333334,81.35606060606061,-0.0030303030303002743,-0.009090909090915034,0.0,匯僑設計
6175,65.53693942889525,61.14853183360191,57.40278701139046,65.54002092647269,61.27711674569982,56.87414964055989,-0.003081497577440473,-0.12858491209791367,0.5286373708305661,立敦
3523,88.70484311742183,83.41265228407516,78.36341380015908,88.70795557673965,83.41265228407516,78.36341380015908,-0.0031124593178191162,0.0,0.0,迎輝
5531,90.43106534994665,86.00829645993088,83.46247671740701,90.4341943737321,85.99612365825486,83.44396178376533,-0.003129023785447771,0.012172801676015865,0.018514933641682774,鄉林
6671,86.11735802469136,75.1777037037037,56.608156378600825,86.12065020576132,75.19416460905349,56.63449382716049,-0.0032921810699662046,-0.01646090534978839,-0.026337448559665688,三能-KY
00791B,99.85699039487727,99.68125222340804,99.68125222340804,99.86054784774102,99.68125222340804,99.68125222340804,-0.003557452863745425,0.0,0.0,復華信用債1-5
2476,75.4129439851696,67.80182480764418,59.95505690922423,75.41679554406387,67.81023973021954,59.95047537566985,-0.003851558894268692,-0.008414922575354922,0.004581533554379291,鉅祥
00863B,99.72063621660898,99.51441898258471,99.42105304279207,99.72481131485807,99.50523864959256,99.42105304279207,-0.004175098249092457,0.009180332992158924,0.0,中信全球電信債
2067,68.96794923729419,56.55515507416261,49.074201645316776,68.97238007640406,56.55515507416261,49.074201645316776,-0.004430839109872409,0.0,0.0,嘉鋼
3158,65.76482006491533,36.07305459781589,23.417013748261198,65.76943319557601,36.07850782005759,23.42143553943361,-0.004613130660686693,-0.005453222241698086,-0.004421791172411815,嘉實
00723B,99.82521493400887,99.72550758491974,99.65546109617166,99.82983829228658,99.75333204435404,99.65546109617166,-0.004623358277711986,-0.027824459434299342,0.0,群益投資級科技債
2712,93.92640857142858,90.81058761904762,86.8690361904762,93.93117047619047,90.81058761904762,86.8690361904762,-0.0047619047618923105,0.0,0.0,遠雄來
1796,73.36297120441483,55.787372117366814,45.185437853006164,73.36779515517601,55.787372117366814,45.185437853006164,-0.004823950761178253,0.0,0.0,金穎生技
00862B,98.56386298998954,98.32621412106926,98.27526919503605,98.56870150708282,98.292795386755,98.24173674436905,-0.004838517093276096,0.03341873431425313,0.03353245066699628,中信投資級公司債
4205,76.513380116021,66.40266833445934,58.94839230065393,76.5185004842025,66.40266833445934,58.94839230065393,-0.005120368181508184,0.0,0.0,中華食
5902,90.34833544973544,85.23766666666667,81.34634074074074,90.35362645502646,85.24401587301588,81.35268994708996,-0.005291005291013562,-0.006349206349213432,-0.006349206349213432,德記
6272,63.6707843412845,50.66579588353537,34.808140624520725,63.67623906810371,50.84680475556292,34.808140624520725,-0.005454726819209554,-0.18100887202755445,0.0,驊陞
4109,57.83043405095684,43.948628646610054,36.18614284830819,57.83592519315914,43.979459051916734,36.182774049411066,-0.0054911422023025125,-0.030830405306680575,0.0033687988971209393,加捷生醫
2643,68.53034,63.964822857142856,58.784305714285715,68.53605428571429,63.97053714285714,58.79002,-0.005714285714290668,-0.005714285714283562,-0.005714285714283562,捷迅
1294,75.09949455132471,60.238713750866026,44.00191121713816,75.10529646049412,60.23325313047129,43.99645059674342,-0.005801909169406372,0.005460620394735827,0.005460620394735827,漢田生技
7722,85.34350945803169,84.98955729461073,83.64039381365312,85.34931773661408,85.01645865300976,83.67099029766035,-0.005808278582392745,-0.026901358399030073,-0.03059648400723347,LINEPAY
5604,81.73286649064401,67.18929106622647,52.82535038021761,81.73947322341859,67.19480663553875,52.830865949529894,-0.0066067327745713555,-0.005515569312279922,-0.0055155693122870275,中連
6164,39.89964125,22.580782499999998,14.76144375,39.9066025,23.2520325,14.66019375,-0.006961249999996255,-0.6712500000000006,0.10125000000000028,華興
6684,44.351394818289684,36.65598461885655,31.51002874897867,44.35848870462987,36.472322308133826,31.51002874897867,-0.007093886340186373,0.183662310722724,0.0,安格
2718,91.61434411254224,88.24978076185256,88.24978076185256,91.6218644377455,88.24978076185256,88.24978076185256,-0.007520325203259404,0.0,0.0,全心投控
8101,86.82261523435014,81.40821254890331,80.45740561285871,86.83028303222147,81.40821254890331,80.45740561285871,-0.007667797871334869,0.0,0.0,華冠
6887,94.34031261720828,91.83079553443415,82.02670038851022,94.34839826992906,91.82810031686056,82.02670038851022,-0.00808565272077999,0.002695217573588593,0.0,寶綠特-KY
5521,70.59376118868737,59.6574444484767,52.848836857947276,70.60185190686795,59.67697885363671,52.56363340504758,-0.008090718180582712,-0.019534405160008816,0.28520345289969384,工信
9955,67.37867366519444,61.984040182704405,55.34649972278092,67.38716974517573,61.621242628499076,55.34649972278092,-0.008496079981284765,0.3627975542053292,0.0,佳龍
6154,72.05877122877122,63.378503996004,54.44096778221778,72.06751248751249,63.378503996004,54.44096778221778,-0.008741258741267188,0.0,0.0,順發
1240,81.3335789151534,69.70415989212245,49.16844049945048,81.34262206551749,69.70415989212245,49.16844049945048,-0.009043150364092867,0.0,0.0,茂生農經
6591,36.158009983107775,25.63657115399089,20.089104580671417,36.16749141861997,25.63657115399089,20.089104580671417,-0.009481435512192604,0.0,0.0,動力-KY
5356,55.9903134704969,44.030841420807455,39.55738354037267,56.00001843944099,44.028900427018634,39.55835403726708,-0.00970496894409223,0.001940993788821288,-0.000970496894410644,協益
6573,69.31239626856592,64.23837237433423,59.235968938629256,69.32357648375897,64.23837237433423,59.235968938629256,-0.011180215193050458,0.0,0.0,虹揚-KY
6913,75.76169762942314,53.973091616993585,42.24199838431387,75.77329428131353,54.95601334064237,42.24199838431387,-0.011596651890386056,-0.9829217236487864,0.0,鴻呈
4743,56.79164302818223,45.493260588295406,40.86952183806812,56.80358579630806,45.708233327989134,41.00812112810802,-0.011942768125834391,-0.214972739693728,-0.138599290039906,合一
3441,37.87569006131881,24.76478973983964,11.49802746858635,37.88776301251351,24.522531513549477,11.610415305525086,-0.012072951194703307,0.24225822629016136,-0.11238783693873522,聯一光
3555,87.11826758189753,80.50555120445247,77.746680731423,87.13042044739495,80.47305022698558,77.746680731423,-0.012152865497427001,0.03250097746689562,0.0,博士旺
8467,90.17046393614696,82.0074059029129,73.86612215450275,90.18286740229557,82.01774212470342,73.87645837629326,-0.012403466148612097,-0.010336221790524291,-0.01033622179051008,波力-KY
1626,81.26581925994563,69.58946893955384,60.1562406294879,81.27836950958532,69.51604834388466,60.1562406294879,-0.01255024963968765,0.07342059566917669,0.0,艾美特-KY
6512,67.60326999208235,36.048273950910534,17.699881235154393,67.61583135391925,36.0601504354711,17.699881235154393,-0.012561361836901597,-0.01187648456056678,0.0,啟發電
1593,64.23296330565876,50.05409104770037,35.43187579408523,64.24553092826571,50.05409104770037,35.43187579408523,-0.012567622606951545,0.0,0.0,祺驊
4938,83.74906608808081,79.57282142158508,75.07465905192745,83.76164813782422,79.58289759316898,75.07226226636077,-0.012582049743414814,-0.01007617158390417,0.0023967855666882087,和碩
4113,84.34654122006702,74.48703326703719,63.78053224509635,84.35937337333476,74.43241051994808,63.76755299364552,-0.012832153267737567,0.05462274708911252,0.012979251450829565,聯上
2227,94.21145433333334,93.51033333333334,93.27033333333333,94.22447466666667,93.51066666666667,93.27066666666667,-0.013020333333329859,-0.000333333333330188,-0.00033333333334439885,裕日車
2461,62.335266438781254,45.81307635226708,37.090688695257036,62.34850749861782,45.650381415534646,37.11309760477263,-0.013241059836566649,0.16269493673243574,-0.022408909515597486,光群雷
6752,70.75925044126063,47.78261565678167,21.07221630368844,70.7732526473148,47.785025188490664,21.07221630368844,-0.014002206054172461,-0.002409531708991608,0.0,叡揚
2740,89.77288889355552,72.53191978816868,72.53191978816868,89.78771407926111,72.53191978816868,72.53191978816868,-0.01482518570558966,0.0,0.0,天蔥
2457,38.63442724115117,29.114610163386878,24.51400069254968,38.64943857371379,29.34825410132093,24.176507026294285,-0.01501133256261511,-0.23364393793405114,0.33749366625539423,飛宏
00727B,91.69974820332581,89.72652083442621,87.58450051583347,91.7147825630803,90.0091241322632,87.51242896361188,-0.01503435975449463,-0.28260329783698523,0.0720715522215869,國泰優選非投等債
6577,79.66340907102372,74.01340106654754,68.3403195247031,79.6785072696711,74.01340106654754,68.3403195247031,-0.01509819864737949,0.0,0.0,勁豐
8411,88.47581532221291,82.08791163620509,79.51046455737078,88.49176772018862,82.11890614564899,79.5414590668147,-0.015952397975709687,-0.030994509443900142,-0.030994509443914353,福貞-KY
2596,83.264979,72.252736,61.730322,83.28160700000001,72.35573600000001,61.796322,-0.01662800000001141,-0.10300000000000864,-0.0660000000000025,綠意
3623,60.54927943743883,52.1011825349091,48.24316128043271,60.56622594998291,52.111461454770044,48.24316128043271,-0.01694651254408086,-0.010278919860944313,0.0,富晶通
6418,71.7304907015816,57.39981171426917,52.61445744742483,71.74772608771218,57.39981171426917,52.61445744742483,-0.0172353861305794,0.0,0.0,詠昇
00768B,98.64597130577677,98.19732486411326,97.83542371381621,98.66328390848186,98.24693818733408,97.84736796865124,-0.01731260270508983,-0.04961332322082512,-0.011944254835029255,復華20年美債
4533,44.311931166075816,37.00862464021033,33.09344272796272,44.329479380371836,36.755040838324014,33.27251162908258,-0.017548214296020603,0.2535838018863146,-0.1790689011198623,協易機
6624,84.24320805942315,74.16231249237693,59.54619773828293,84.2609232576726,74.16231249237693,59.54619773828293,-0.017715198249447894,0.0,0.0,萬年清
00772B,85.6332320483884,80.40005150485162,78.61416755134873,85.65102026004003,80.47897911529274,78.74244343043438,-0.017788211651634356,-0.07892761044112717,-0.12827587908564908,中信高評級公司債
2889,77.4988872349328,72.30106533069558,69.61992567873875,77.51696125525037,72.41971045783887,69.71120794273308,-0.018074020317570216,-0.11864512714329578,-0.09128226399433004,國票金
2038,61.44264416783673,53.97322543249865,49.46346035507182,61.461188031256896,54.01185848129065,49.487155291664244,-0.01854386342016312,-0.03863304879200058,-0.023694936592427496,海光
6530,30.709407407407408,15.354213333333334,8.93277925925926,30.729054814814816,15.38088,8.93277925925926,-0.019647407407408224,-0.026666666666665506,0.0,創威
2736,68.7471300975351,55.97436009974962,46.338941655122035,68.76682943566786,55.97436009974962,46.338941655122035,-0.01969933813275304,0.0,0.0,富野
6863,82.51500507424421,75.59228314282662,72.2789245272941,82.53501495566712,75.64701153722892,72.2789245272941,-0.020009881422907938,-0.05472839440230359,0.0,永道-KY
1338,56.12466125954199,44.175636927480916,34.27210639312977,56.14477099236641,44.115999522900765,34.24825143129771,-0.020109732824423077,0.0596374045801511,0.023854961832057597,廣華-KY
3003,67.1831549911474,59.97980982158671,52.546047220231884,67.20337921924586,60.159416771294495,53.208934200525285,-0.020224228098456365,-0.17960694970778235,-0.6628869802934005,健和興
00725B,86.9971960254468,82.01270244177684,80.4100077299287,87.01754987380689,82.01809939558571,80.37079696659205,-0.020353848360088023,-0.005396953808869398,0.03921076333664075,國泰投資級公司債
3322,50.30141590235425,34.51987309662546,29.388852364046013,50.32189675584168,34.77173279090253,29.32549894533199,-0.020480853487427453,-0.2518596942770728,0.06335341871402278,建舜電
3015,71.26016577313223,63.751460454192646,54.47258132258048,71.28064884510708,63.68413711381303,53.88596401991968,-0.02048307197485144,0.06732334037961607,0.5866173026607981,全漢
5536,73.21926503935778,56.476590721878054,35.82949773184324,73.23984515589946,56.83004229578228,35.79925779086279,-0.020580116541680127,-0.35345157390422344,0.030239940980450797,聖暉*
6617,76.92016381961334,67.61789828094498,59.79551252842021,76.94104987918226,67.59515427105056,59.79551252842021,-0.020886059568923088,0.022744009894424266,0.0,共信-KY
4535,87.31948934824919,77.4482796721302,69.70929296629974,87.34070350483613,77.46149639170339,69.70136293455582,-0.02121415658693593,-0.013216719573193814,0.007930031743924815,至興
1339,78.58975802330896,75.23815774607034,72.4288941990688,78.61134351111568,75.18419402655351,72.3843741304674,-0.02158548780671765,0.053963719516829656,0.04452006860138624,昭輝
6412,82.38032936698822,78.02555653950249,74.21797182051394,82.40210300031944,77.98837827642441,74.29911579566136,-0.02177363333122173,0.0371782630780757,-0.08114397514742677,群電
2450,79.68338850430492,76.8413511424202,75.97809497077121,79.7052581728133,76.8413511424202,75.97809497077121,-0.021869668508387008,0.0,0.0,神腦
8045,79.56785863148762,66.05963701345561,55.76216636856104,79.5908453558047,66.33320081271596,54.52271192421988,-0.02298672431707871,-0.27356379926034435,1.2394544443411633,達運光電
6156,52.819668800030705,39.55339239366003,32.83184029368804,52.842708427095396,39.676672104132365,33.82818967988971,-0.02303962706469065,-0.12327971047233177,-0.9963493862016719,松上
6197,51.81375957817011,44.49267237094296,35.79698630697266,51.8369253195074,44.21812101198281,36.63473542695786,-0.02316574133729432,0.2745513589601529,-0.8377491199851974,佳必琪
1781,55.42170501969041,44.89009727447738,23.541925393615646,55.44490804798091,44.89431600689383,23.541925393615646,-0.023203028290502914,-0.004218732416454429,0.0,合世
6894,79.24618381484879,60.99624072773279,55.07594092610525,79.26945949422193,61.026380104476665,55.10315497263157,-0.023275679373142566,-0.030139376743875346,-0.027214046526324864,衛司特
2248,86.91333823529412,78.33932773109244,67.58823529411765,86.93730042016806,77.49058823529413,67.5798319327731,-0.02396218487393753,0.8487394957983128,0.008403361344548443,華勝-KY
6613,66.58910045226001,59.451070888942546,55.52125129745274,66.61309613820353,59.45095392459411,55.52125129745274,-0.023995685943518197,0.00011696434843599945,0.0,朋億*
5292,70.5601267735779,57.42615309550334,43.55095986942667,70.58431565584601,57.29013920913323,43.48835030268487,-0.024188882268106227,0.13601388637010814,0.06260956674179852,華懋
6187,71.09266311007268,52.62202288092133,30.644466362778672,71.1171413611827,53.630280955225565,32.40810537552795,-0.02447825111002544,-1.008258074304237,-1.7636390127492803,萬潤
5315,48.610349279173676,30.363946151863185,21.21261061116465,48.63488952404694,30.712881372838037,21.21261061116465,-0.024540244873264783,-0.34893522097485175,0.0,光聯
00764B,95.27167317547843,94.08653558222511,93.6016097307817,95.2964947845805,94.07933275024295,93.72633650793651,-0.024821609102076536,0.007202831982155544,-0.12472677715480529,群益25年美債
6574,84.28863119599818,79.54021828103683,75.4450432014552,84.31345611641655,79.56750341064121,75.4450432014552,-0.024824920418367924,-0.027285129604379676,0.0,霈方
4912,66.73872855384931,51.28952582165017,38.738280060793,66.76393127075417,52.25735704929805,38.45898006901817,-0.025202716904857425,-0.9678312276478778,0.27929999177483467,聯德控股-KY
4161,67.16965780443842,44.56586856688873,26.96770123731475,67.19491274353324,44.53911191045135,26.93927228985004,-0.025254939094821793,0.026756656437378012,0.028428947464707477,聿新科
2258,95.85017317556441,93.92687264189215,92.82749194701223,95.8761776055802,93.93431416149379,92.83807000095408,-0.02600443001578867,-0.007441519601641744,-0.010578053941841858,鴻華先進-創
6582,79.89222159094275,74.27502050617014,71.2135726155769,79.91915847004593,74.27502050617014,71.2135726155769,-0.026936879103175215,0.0,0.0,申豐
3171,82.63255462456578,76.93698423686487,71.98070617333246,82.65973004899608,76.93698423686487,71.98070617333246,-0.027175424430296857,0.0,0.0,炎洲流通
6988,88.92825210084034,78.5944768907563,64.86289285714287,88.95556302521008,78.62598949579832,64.78516176470588,-0.02731092436974336,-0.03151260504202469,0.07773109243699139,威力暘-創
3266,94.45269507915445,90.48463626267306,89.14055205177603,94.48013194377523,90.482649400425,89.14197123909605,-0.027436864620781876,0.001986862248060106,-0.0014191873200246619,昇陽
3002,72.50034019607843,65.37411862745098,59.19784019607843,72.52778921568628,64.94265784313725,59.215487254901966,-0.027449019607857394,0.43146078431372814,-0.017647058823534678,歐格
2454,84.77346885259851,73.93899367310213,63.49857952520889,84.80116788345197,73.85363955273391,63.76015159046702,-0.027699030853455042,0.08535412036822265,-0.2615720652581288,聯發科
1336,67.75871375137137,51.3436685005656,38.52494985500052,67.78669695382246,51.84362586029279,38.47083619861923,-0.027983202451082434,-0.49995735972719046,0.05411365638128984,台翰
1773,81.14854833333334,74.03798866666666,68.316033,81.17654466666666,73.81627766666666,68.34348066666666,-0.027996333333319967,0.2217109999999991,-0.027447666666660098,勝一
2065,59.13065360897881,52.03258884312123,44.41422317438465,59.158740707385846,52.00267545356216,44.29929278292088,-0.028087098407034716,0.02991338955906997,0.11493039146377271,世豐
4933,74.64099477957798,63.495297327024204,59.88030307290481,74.66911800052425,63.47957589626516,59.86820966462862,-0.028123220946270067,0.015721430759043642,0.012093408276186324,友輝
2459,66.90231502510781,52.955102349657224,41.95824798217237,66.93046297424377,53.33106493105798,41.95824798217237,-0.028147949135956196,-0.37596258140075633,0.0,敦吉
4127,82.33777316433566,73.46565996503497,65.41890078671328,82.36619973776223,73.46347465034965,65.41890078671328,-0.028426573426571622,0.0021853146853203498,0.0,天良
1730,61.29859622182428,57.313128058577355,53.73083793362514,61.32706198773186,57.313128058577355,53.73083793362514,-0.028465765907576213,0.0,0.0,花仙子
6616,74.07230619281842,62.122420573982964,53.92769538783114,74.10084256242148,62.13684400115128,53.92769538783114,-0.028536369603060052,-0.01442342716831746,0.0,特昇-KY
4976,40.362979931736746,30.210747213528023,25.822582815221857,40.391532949057485,30.892323924712144,25.77549391720602,-0.028553017320739116,-0.6815767111841211,0.04708889801583638,佳凌
6294,45.87392165563422,37.303410981626904,33.461153035581,45.90253135991384,37.29746790296012,33.461153035581,-0.028609704279617176,0.005943078666781787,0.0,智基
6282,47.19482131485921,40.85579628158349,36.90342037505973,47.22372153635827,40.84373800393028,37.094663179841675,-0.028900221499057466,0.012058277653210325,-0.19124280478194322,康舒
4583,91.49935617275553,86.02896189188579,82.18785161796762,91.52832786864225,86.02415967768835,82.15542108053037,-0.028971695886724547,0.00480221419743998,0.032430537437249995,台灣精銳
5007,93.79053487576331,87.57266974235051,84.24132849676344,93.81999712389111,87.78216851409117,84.3688119861767,-0.02946224812779974,-0.20949877174065534,-0.12748348941325105,三星
6967,75.48683702074534,65.45509728715281,39.25530440796597,75.51705296558792,65.45509728715281,39.25530440796597,-0.030215944842581166,0.0,0.0,汎瑋材料
6125,41.05240295639782,35.12511449796659,30.6214412005043,41.08283214834574,35.13072429507378,30.644424767041883,-0.030429191947916934,-0.005609797107190673,-0.022983566537583044,廣運
2924,95.32368535942874,89.52580730077796,84.08950630154924,95.35443334215928,89.55655528350852,84.08950630154924,-0.030747982730545687,-0.030747982730559897,0.0,宏太-KY
6215,39.392780451547274,32.79871565654918,26.409340592674983,39.42383262612171,33.027128147461546,26.409340592674983,-0.031052174574433877,-0.22841249091236904,0.0,和椿
4154,89.23271945819224,76.61996092732483,67.10830945558739,89.2639775983329,76.61996092732483,67.10830945558739,-0.031258140140664636,0.0,0.0,樂威科-KY
2923,99.63227264850822,99.54589555221098,99.36758725011683,99.66381898833862,99.55870945709655,99.37706839050303,-0.031546339830399006,-0.012813904885575766,-0.009481140386199627,鼎固-KY
1537,58.2772126915396,51.06094730335406,43.010870431733046,58.30889574634761,51.06094730335406,43.010870431733046,-0.03168305480800626,0.0,0.0,廣隆
6862,74.049868,69.872,68.916,74.082104,69.818,68.872,-0.03223599999999749,0.054000000000002046,0.04399999999999693,三集瑞-KY
3086,89.0194649997171,85.26826963874623,83.02086083884336,89.05216340947035,85.27580876879296,83.02839996889008,-0.03269840975325167,-0.00753913004672313,-0.00753913004672313,華義
1264,63.10301039606997,47.21002034768791,24.846571880279605,63.13571545915002,47.21002034768791,24.846571880279605,-0.03270506308005139,0.0,0.0,德麥
1598,70.59725751109347,60.50567166537276,52.73618832139127,70.6300867581696,60.68056076960405,53.4771085513504,-0.03282924707612267,-0.17488910423129056,-0.74092022995913,岱宇
8476,80.93624306607498,71.69554406557813,62.18549786507095,80.96907504109713,71.84995428040921,62.13714356170003,-0.032831975022148185,-0.1544102148310742,0.04835430337092106,台境
6695,60.85629426547864,49.54244183085687,45.07446201631226,60.88996721568826,49.32939286183167,44.84926551835141,-0.03367295020962047,0.21304896902520198,0.22519649796085162,芯鼎
6109,66.231039912889,49.47214367813854,36.59804780424946,66.26513938209276,48.98200878392671,36.591216068733814,-0.03409946920375262,0.49013489421183465,0.006831735515646642,亞元
6279,59.05683682030081,47.364377934023786,38.66067929034191,59.09209938423605,47.38540960667588,38.707731891856724,-0.035262563935241076,-0.021031672652092936,-0.04705260151481383,胡連
1752,70.64348394141462,63.4568082186648,58.31700275651265,70.67913157454248,64.28957653701306,58.87350191811992,-0.035647633127865674,-0.8327683183482648,-0.5564991616072703,南光
2062,70.5886660125942,61.48079319839312,55.43204983313712,70.62466706526499,61.66079846174702,55.402548970531896,-0.036001052670783906,-0.18000526335389821,0.02950086260522511,橋椿
6657,55.59158634357265,35.455260787316455,21.767223673542922,55.62762701558418,35.50142779929736,21.769475722907845,-0.03604067201153072,-0.04616701198090567,-0.002252049364923181,華安
4306,69.19356586513294,57.98652112192624,52.20135561879255,69.23022760942382,57.93092127147707,52.34056905866815,-0.03666174429088187,0.05559985044916971,-0.1392134398756042,炎洲
4551,86.93537611031485,79.04406481449482,70.84414278190705,86.97283754427889,78.67659057348332,70.93057295112627,-0.037461433964040225,0.36747424101149306,-0.08643016921921287,智伸科
2885,86.68354142597686,82.95092555251047,80.2689272894328,86.72126195286589,82.98373972846468,80.26833424982016,-0.03772052688903216,-0.032814175954214875,0.0005930396126387905,復華金
3026,67.696188341956,57.34976860249429,38.95454848880652,67.73453951664618,57.46134804564061,37.882776257020616,-0.03835117469017746,-0.11157944314632573,1.071772231785907,禾伸堂
6859,79.53234413233788,64.4773523770149,55.88334142577628,79.57137775042906,64.51638599510608,55.88334142577628,-0.039033618091181665,-0.039033618091181665,0.0,伯特光
4549,69.65784362407612,62.5381613016775,58.74589940834994,69.69687879177813,62.5381613016775,58.74589940834994,-0.039035167702010654,0.0,0.0,桓達
5287,65.1439491100645,57.96158715183331,45.759861251472586,65.18341815818293,58.017260661691864,45.81553476133114,-0.0394690481184341,-0.05567350985855768,-0.05567350985855768,數字
3558,55.91753363787445,51.04916230423315,47.07303130137866,55.95714361253772,51.04916230423315,47.07303130137866,-0.03960997466327143,0.0,0.0,神準
7730,85.06535811564348,69.93588914189144,60.72692707403819,85.1059948776428,69.87881885485969,60.64811572528005,-0.04063676199932331,0.05707028703174899,0.078811348758137,暉盛-創
6997,88.02515780185969,82.2651071242732,77.74032261713536,88.06588086242392,82.2651071242732,77.74032261713536,-0.04072306056423258,0.0,0.0,博弘
6692,82.48563614676053,71.7729334345503,61.917799791958004,82.52642202954291,71.7644363756373,61.90930273304501,-0.04078588278238726,0.008497058912993793,0.008497058912993793,進能服
6190,44.27333079279715,35.74717335766798,26.908233809489047,44.314215067664634,35.699565158777595,26.454103845433295,-0.040884274867487136,0.04760819889038714,0.45412996405575257,萬泰科
1623,82.21865454545456,77.10942424242424,73.47225151515151,82.25956363636364,77.10184848484849,73.47225151515151,-0.040909090909082124,0.007575757575750686,0.0,大東電
00853B,92.36999169164785,91.02995048671225,89.5393355563789,92.41176137065355,91.05309710667251,89.5393355563789,-0.0417696790056965,-0.023146619960257908,0.0,統一美債10年Aa-A
5465,77.03211188094437,72.28234879269382,68.7921150157748,77.07409312167648,72.27016049396033,68.7921150157748,-0.04198124073211318,0.012188298733491365,0.0,富驊
8422,46.18597439028021,38.34394723684162,34.469215271500026,46.2279666188613,38.301660629477894,34.68797430903255,-0.04199222858109408,0.042286607363728024,-0.21875903753252146,可寧衛
6142,70.31903440486731,58.715557747484226,51.557367049196245,70.36135870870847,58.79720979445459,51.49025279596241,-0.0423243038411556,-0.08165204697036188,0.06711425323383224,友勁
00884B,99.17852598091199,98.78616118769882,98.78616118769882,99.22128181336161,98.77324363732768,98.77324363732768,-0.04275583244962888,0.012917550371142283,0.012917550371142283,中信低碳新興債
2064,90.99602048175393,83.09208279244194,72.44153468916775,91.03929179287465,83.09208279244194,72.44153468916775,-0.04327131112071925,0.0,0.0,晉椿
6474,82.88146454305594,67.26442931840548,44.600900971341936,82.92506183438097,67.28156362503977,44.600900971341936,-0.04359729132502821,-0.017134306634289942,0.0,華豫寧
5278,90.425508,82.952812,77.89879333333334,90.46916166666666,82.88146566666667,77.84212666666667,-0.04365366666667114,0.07134633333332374,0.05666666666667197,尚凡*
4111,61.76562979074707,42.727251835489405,33.15654372019317,61.810898106845094,43.516125573657035,33.15654372019317,-0.045268316098024286,-0.7888737381676307,0.0,濟生
1580,47.836584112905506,38.51716246471723,29.88103465391706,47.882002321803,38.62660881575765,29.88103465391706,-0.045418208897494594,-0.10944635104041822,0.0,新麥
6923,82.07667820298765,69.71714636384746,55.25437366622806,82.12311502780881,69.73594356417033,54.76553146319618,-0.046436824821157074,-0.018797200322865137,0.4888422030318793,中台
5525,92.97111569110284,88.4310824194868,84.14251518878754,93.01831671641841,88.42138406097617,84.15320347083224,-0.04720102531557302,0.009698358510632943,-0.010688282044696962,順天
6431,83.3989954807981,70.78857976073327,65.33753714815992,83.44622397177544,70.85942249719928,65.41146000360271,-0.04722849097733217,-0.07084273646600536,-0.0739228554427882,光麗-KY
3162,69.01700760067091,60.48383401565748,55.83607496620861,69.06577944054206,60.75077909248186,55.812711780902546,-0.048771839871150746,-0.26694507682437774,0.02336318530606718,精確
6691,78.3932586680792,67.80357016844465,54.27334329493074,78.44288446860278,67.66352250301512,54.27992835031711,-0.049625800523585895,0.14004766542953462,-0.006585055386366889,洋基工程
6021,94.65367231631542,91.16580214748329,86.97962489781683,94.70448790259995,90.83751953449692,86.83806302958271,-0.050815586284528536,0.32828261298637074,0.14156186823412042,美好證
3611,71.43993580099891,58.302991039737584,46.891625745663404,71.49098024810789,58.302991039737584,46.891625745663404,-0.051044447108978375,0.0,0.0,鼎翰
4506,85.79020292409554,80.69944241068401,74.07453844937066,85.84133166113031,80.72147481526676,74.08753191873997,-0.05112873703477305,-0.022032404582745357,-0.012993469369305899,崇友
3037,84.7903102847248,77.84892224602574,70.19238058219321,84.84186492056371,77.97474345741799,70.19633291917455,-0.05155463583891162,-0.12582121139224967,-0.0039523369813423415,欣興
6202,49.76840437140444,41.28755552584724,34.46676999950518,49.820079326979425,41.318268904397016,34.47073070582608,-0.05167495557498114,-0.03071337854977685,-0.003960706320896179,盛群
5212,85.77966679178817,78.4192793000895,66.95539225594086,85.83164034302544,78.4192793000895,66.95539225594086,-0.05197355123726766,0.0,0.0,凌網
4534,52.37425968108289,40.52340857962698,29.589730710873464,52.4266373179221,40.330363262382214,29.589730710873464,-0.052377636839210595,0.19304531724476703,0.0,慶騰
4102,65.59200771105618,46.51278160238242,33.74826539349186,65.6459046766627,46.52222147725876,33.72702567502009,-0.053896965606512026,-0.009439874876342458,0.02123971847177586,永日
6922,76.92292707321218,62.90616023304402,56.68108553791449,76.97741718631498,62.90616023304402,56.68108553791449,-0.054490113102801274,0.0,0.0,宸曜
1731,65.83628737122132,55.71231694086195,51.75135818130838,65.892044707829,55.69576503956161,51.75135818130838,-0.05575733660768378,0.016551901300346117,0.0,美吾華
3038,52.33663204946968,41.31659574283715,33.31632589564305,52.39273353269982,41.458901448362695,33.31632589564305,-0.056101483230143856,-0.1423057055255441,0.0,全台
6509,49.476215547343585,36.88516878944237,28.52141959469772,49.532397790235684,37.33487947492479,29.018680789496987,-0.056182242892099055,-0.44971068548242243,-0.4972611947992682,聚和
5443,46.676726841246,39.35140979260252,33.61739617591239,46.73335075645001,39.77824822944497,33.63499896240679,-0.05662391520400689,-0.42683843684245204,-0.01760278649440039,均豪
3360,38.06646569176685,22.57189723380376,16.998986312496267,38.12316036162498,22.49336550900259,16.998986312496267,-0.056694669858131874,0.0785317248011701,0.0,尚立
6558,47.735424910470456,41.72151334579928,38.61725497826901,47.79259373779673,41.823463603758974,38.61725497826901,-0.057168827326272265,-0.10195025795969315,0.0,興能高
3047,29.78786377378618,20.30873998863746,15.076568224048653,29.84552758833287,20.133211691302474,15.252550325446917,-0.05766381454668945,0.17552829733498498,-0.17598210139826342,訊舟
6890,94.02080371431259,92.24705164851387,91.97018018419344,94.0785639759861,92.24705164851387,91.97018018419344,-0.057760261673507785,0.0,0.0,來億-KY
3059,33.71040588309428,23.39365327287423,19.194350469146087,33.768435637729986,23.60933671934222,19.151769833735564,-0.05802975463570448,-0.21568344646799176,0.04258063541052337,華晶科
6590,71.25601399173956,56.89061152624091,28.774275634880876,71.3145253106941,56.906642024584606,29.35538119984032,-0.058511318954529656,-0.016030498343695854,-0.5811055649594437,普鴻
8341,57.80183692307692,48.65958307692308,46.589514615384616,57.86057538461539,49.11804461538461,46.61182230769231,-0.058738461538467845,-0.4584615384615347,-0.022307692307691696,日友
5706,46.155995039628536,38.672423763178074,34.27886713672728,46.21587834579156,38.66903702515235,34.27886713672728,-0.059883306163023065,0.003386738025724867,0.0,鳳凰
3437,34.53865152060215,26.046098181918808,20.73098347953621,34.59970321277361,26.24181586739353,20.252249771702132,-0.06105169217146056,-0.19571768547472246,0.47873370783407765,榮創
2640,85.90084501201687,73.72767137463157,58.20384984340493,85.96191482872273,73.79549054250543,58.30509011092491,-0.061069816705852986,-0.06781916787386422,-0.10124026751997661,大車隊
3297,59.561629866978535,50.48263572435027,36.60201703521372,59.623148151101915,50.48263572435027,36.60201703521372,-0.06151828412338034,0.0,0.0,杭特
4935,71.39905406231438,62.53804715853697,57.74415310158049,71.4611349720381,62.54192721539471,57.74415310158049,-0.06208090972371849,-0.003880056857738623,0.0,茂林-KY
5512,72.79689818028727,61.689271635443276,54.74106220170801,72.85989245530949,61.88944924079497,54.5957794340751,-0.06299427502221988,-0.2001776053516906,0.1452827676329136,力麒
6698,52.49952202714175,38.36086722600098,31.086023169870806,52.56278480204618,38.36990476527304,31.086023169870806,-0.06326277490443033,-0.009037539272064521,0.0,旭暉應材
4168,44.18660826564438,27.405560606746537,20.05533209271509,44.25094985112066,27.37125421868948,20.05533209271509,-0.06434158547627788,0.034306388057057546,0.0,醣聯
6776,72.86216539750471,66.69666874605474,61.3590244223092,72.92704317895014,66.6835656529932,61.3590244223092,-0.06487778144543199,0.013103093061545223,0.0,展碁國際
3576,48.90573638593856,39.03115887646505,34.28079803949559,48.971322086475396,39.05400535985673,34.437245406229266,-0.0655857005368361,-0.022846483391681716,-0.15644736673367277,新日光
3390,48.55723885060441,31.164988368347835,17.954069360111582,48.62298097108926,30.96077722961093,17.954069360111582,-0.06574212048484895,0.20421113873690544,0.0,旭軟
5468,73.9108875293309,65.69842809356204,60.7607153272083,73.97707570751471,65.68315389859656,60.7454411322428,-0.06618817818380762,0.015274194965485322,0.015274194965499532,凱鈺
5381,63.90560973107675,55.98650168802567,48.86982731550411,63.97194688124538,55.99011475543121,48.84045669826826,-0.06633715016862851,-0.0036130674055385725,0.02937061723584833,合正
5009,60.232731092703176,49.29447058694824,43.42916263928879,60.29952067567472,49.572317064644665,43.6262606924261,-0.0667895829715448,-0.27784647769642135,-0.1970980531373101,榮剛
9939,71.6703419248632,62.82686218157879,53.785628636333016,71.73718947088436,62.91824195139416,53.67551170147317,-0.06684754602116527,-0.09137976981536866,0.11011693485984608,宏全
3652,80.65814174905955,72.29505908984987,67.94052398548554,80.72516528512934,72.28307466959619,67.94052398548554,-0.06702353606978306,0.011984420253682515,0.0,精聯
4139,87.85458384932154,68.68339730776184,47.885444607966456,87.923333152114,69.48269904377283,48.01874858184012,-0.06874930279245461,-0.7993017360109889,-0.13330397387366588,馬光-KY
6794,89.5608875339818,78.62175621100931,67.21003818533244,89.630029699703,78.67204142244292,67.24775209390764,-0.06914216572120324,-0.05028521143360365,-0.037713908575199184,向榮生技-創
6024,75.98507958142412,69.67758282280506,65.60224334620479,76.05458559413988,69.61659702534995,65.09830609893635,-0.06950601271576318,0.06098579745511756,0.5039372472684391,群益期
2477,78.78501369373512,73.58755427870291,66.99527632795353,78.85544991436261,73.49327355628797,66.99527632795353,-0.07043622062748511,0.09428072241493624,0.0,美隆電
6541,78.3859466712324,70.92863390289936,65.58776480035262,78.45756593144193,70.9417677077222,65.60737143345305,-0.07161926020953047,-0.013133804822842876,-0.01960663310043742,泰福-KY
4755,78.00539590491132,69.11785097213672,64.95849701110163,78.0773588465434,68.70675332154987,64.95154608464242,-0.07196294163207995,0.41109765058685355,0.0069509264592113595,三福化
2630,67.64655220209967,63.99101569835845,61.700414027614556,67.71926052230661,64.21954754730422,61.700414027614556,-0.07270832020694229,-0.22853184894576373,0.0,亞洲航空
8438,86.33235205810446,78.36914916431952,65.15877214303075,86.40576326437241,78.48924695823743,65.15877214303075,-0.07341120626794861,-0.12009779391790687,0.0,昶昕
5011,63.64383717960248,48.452740323358015,39.56404916856224,63.717341815688876,48.71397977323264,40.193805104761886,-0.07350463608639757,-0.26123944987462266,-0.6297559361996434,久陽
6416,62.53973157718649,48.174556084749426,37.888668691885286,62.613589978576236,49.29333485665548,37.68888262957395,-0.07385840138974942,-1.118778771906051,0.19978606231133256,瑞祺電通
3406,78.17342518004855,61.85360158256478,40.43149244579243,78.24777742644797,61.64788781727528,41.13465943354759,-0.07435224639941396,0.20571376528949514,-0.7031669877551607,玉晶光
2063,69.63955745785891,52.60619050322659,37.55618775175045,69.71439927188894,52.70805852787856,37.55618775175045,-0.0748418140300231,-0.10186802465197076,0.0,世鎧
3666,87.1984906784714,83.33627924031583,80.24342019800669,87.2733349478247,83.32044618975839,80.22758714744924,-0.07484426935329225,0.01583305055744688,0.01583305055744688,光耀
6464,93.21631932218423,86.18848410038011,79.66748367593588,93.29284427003624,85.82541394473868,79.28316704333942,-0.07652494785200759,0.36307015564142375,0.384316632596466,台數科
1733,56.15774004716268,44.07618046396549,31.907471473391467,56.23477841843465,44.42135238719702,31.907471473391467,-0.07703837127196778,-0.34517192323152557,0.0,五鼎
6902,84.58414281566463,70.37346987375535,58.93091286653706,84.66290401895354,70.37346987375535,58.93091286653706,-0.07876120328890579,0.0,0.0,走著瞧-創
3010,73.05663752419534,62.66885050474544,51.67799295039918,73.13560665524199,62.83065020798494,51.99250498050938,-0.07896913104664804,-0.16179970323949533,-0.3145120301102011,華立
9944,85.479427919111,78.83786225982715,66.16028330222146,85.55874385434164,78.82398419006668,66.15207052151818,-0.07931593523063896,0.013878069760465905,0.008212780703274802,新麗
2722,90.11171679794585,87.27833158212476,82.09027209221705,90.19168413963804,87.20742830940983,82.09027209221705,-0.07996734169219621,0.07090327271492924,0.0,夏都
3189,77.92678815425074,72.01761339443013,65.38788817893048,78.00778048850661,71.85760970803459,66.16628319853115,-0.0809923342558676,0.16000368639554097,-0.7783950196006657,景碩
4406,91.0880027739251,77.42857720758207,61.994086145785175,91.17083525967021,76.8526024811219,61.418111419325015,-0.08283248574511504,0.57597472646016,0.57597472646016,新昕纖
7750,86.56428044485894,75.29802207591554,61.59145219436828,86.64798101415587,75.15089570313044,61.59145219436828,-0.08370056929693703,0.14712637278509533,0.0,新代
5274,58.05973904739281,34.5609317356562,21.71660824569145,58.14391055873305,35.03206229725917,21.716738106598633,-0.08417151134023726,-0.4711305616029762,-0.00012986090718314358,信驊
6535,75.87248573164484,64.1024786430834,55.97052266634176,75.9570182045995,64.43445627724958,55.95026537792578,-0.08453247295466326,-0.3319776341661793,0.020257288415976404,順藥
7705,76.89063715994828,68.86139927852966,61.81203943178913,76.97539920805607,68.86139927852966,61.81203943178913,-0.08476204810779109,0.0,0.0,三商餐飲
3188,84.14558779997651,75.90753980398955,68.44272057007262,84.23060281842558,75.66585309561565,68.44272057007262,-0.08501501844907011,0.24168670837390493,0.0,鑫龍騰
3032,63.44412838394873,52.016462353308626,44.30234600107166,63.52946489433708,51.8970067747165,44.412686566255104,-0.08533651038835188,0.11945557859212386,-0.11034056518344215,偉訓
6934,79.72042803736166,65.87673604960534,57.461797166168324,79.80622858861082,66.00405299662023,57.461797166168324,-0.08580055124916441,-0.12731694701489005,0.0,心誠鎂
5306,76.28961908265134,69.81392066391466,64.4133410547675,76.37609553693846,69.75519086502105,64.4133410547675,-0.0864764542871228,0.05872979889360863,0.0,桂盟
8404,86.00730942683349,78.96037486701121,73.47615868978079,86.09422358496796,78.90451035858779,73.47173084989731,-0.08691415813447634,0.05586450842342572,0.004427839883476281,百和興業-KY
5355,79.57566472877484,70.76114757329627,63.76272799460293,79.66294956082848,70.72322381867986,63.692298164601034,-0.08728483205364057,0.03792375461641484,0.07042983000189906,佳總
6625,61.75892433666122,49.623235076610825,44.073097225014735,61.8470350970619,49.59563577812979,44.073097225014735,-0.08811076040068144,0.027599298481035817,0.0,必應
6103,92.43844732015862,90.69572847000391,83.83163819541075,92.52665089341767,90.69572847000391,83.83163819541075,-0.08820357325905093,0.0,0.0,合邦
4402,76.8294837776833,66.0356575194402,60.92180781132086,76.91772967428587,66.12684494592953,61.02034906252707,-0.08824589660257232,-0.0911874264893271,-0.09854125120620694,郡都開發
3213,44.06185052684267,27.185773696545763,16.70558340369563,44.151165533142255,26.649014620243722,16.70558340369563,-0.08931500629958578,0.5367590763020402,0.0,茂訊
6782,74.84891904761905,51.644936507936514,35.5406126984127,74.93865238095239,51.648111111111106,35.48981904761905,-0.0897333333333421,-0.003174603174592505,0.05079365079365061,視陽
3048,54.31556012676643,48.18262063380592,41.80717308037526,54.405364145962324,48.57980249579111,41.464887676562505,-0.08980401919589553,-0.3971818619851888,0.3422854038127525,益登
1589,42.03599989632741,28.37897799576652,21.00450605517878,42.12676892095501,28.37897799576652,21.00450605517878,-0.09076902462759762,0.0,0.0,永冠-KY
3594,66.0605677066407,53.48872046356436,42.15354368023682,66.15144888670216,53.551154048931195,42.176372627450284,-0.09088118006145862,-0.062433585366832745,-0.02282894721346196,磐儀
2488,65.9778876182785,52.73306124557158,44.68725422091429,66.06915201511491,52.694310970929,44.64850394627172,-0.09126439683640797,0.038750274642573856,0.038750274642573856,漢平
3115,91.51887773578116,86.26336894923745,85.3877901645366,91.61108576786089,86.26336894923745,85.3877901645366,-0.09220803207972494,0.0,0.0,富榮綱
3630,61.76362976057692,54.1305684250431,51.094420772370896,61.85635481392969,54.11685583060103,51.094420772370896,-0.09272505335277259,0.013712594442068848,0.0,新鉅科
4952,58.82664979509964,52.35185572656093,47.79599778032267,58.91960227546333,52.36839743957808,47.79599778032267,-0.0929524803636923,-0.01654171301715479,0.0,凌通
4576,74.4229137433673,67.06349304394703,60.39332131170464,74.51645570609227,67.74499004389315,60.42587506663504,-0.09354196272497006,-0.6814969999461198,-0.03255375493039736,大銀微系統
6241,66.57738987435012,56.701526584613106,52.92054429172961,66.67096019275407,56.701526584613106,52.92054429172961,-0.09357031840394825,0.0,0.0,易通展
2491,80.5263608428446,75.18010194127402,67.16950053653302,80.62094429811725,75.25331796897864,66.3890888693786,-0.09458345527265521,-0.07321602770461766,0.780411667154425,訊碟
6790,83.53726269224788,78.5864853673087,75.33229045899884,83.63186716429436,78.57797524739927,75.32967000242179,-0.09460447204648403,0.008510119909431069,0.002620456577048458,永豐實
6285,70.33892232625467,63.04947256281397,56.23799886761447,70.43498402874546,63.11020195522824,56.382261245463695,-0.09606170249078616,-0.060729392414273775,-0.14426237784922336,啟碁
3217,51.74319115835251,41.93773180591809,31.08384522306912,51.83952073800597,41.753282030584074,29.933531513507756,-0.09632957965346378,0.1844497753340164,1.1503137095613631,優群
00980T,62.879757868603,53.0348033850343,48.84781093996102,62.976705197682804,53.55173256093329,48.629067780773646,-0.09694732907980352,-0.5169291758989871,0.21874315918737608,平衡凱基美國TOP
6768,86.21593913305037,81.90538845933834,76.18402735087999,86.31311744371342,81.71719290962409,76.16003875278061,-0.09717831066305394,0.18819554971425134,0.023988598099379033,志強-KY
2634,55.77992303183758,48.73615805378895,46.3887194420649,55.87715776899187,48.71123542938145,46.372384016415495,-0.0972347371542881,0.02492262440749471,0.016335425649401714,漢翔
1236,88.2248828276177,83.66942717129223,78.77156090439478,88.32237918431093,83.62212348597056,78.7242572190731,-0.09749635669322743,0.04730368532166551,0.04730368532167972,宏亞
3030,67.41659667423036,57.43874335354082,50.96398381142683,67.51490754224947,57.94592237613032,51.12071028211468,-0.09831086801911226,-0.5071790225894972,-0.1567264706878504,德律
3060,35.9297316382384,19.907279701786504,12.430679311812993,36.028758856202735,20.51175027272921,11.7062122505301,-0.09902721796433411,-0.6044705709427056,0.7244670612828923,銘異
1533,69.28416621404223,63.70403096838005,52.1126444565009,69.38341278437078,63.26460829249363,52.1126444565009,-0.09924657032854611,0.43942267588642636,0.0,車王電
3416,68.12457372267463,56.75609274681342,51.66316235714379,68.22391757724222,56.755089699801985,51.688764227447315,-0.09934385456759287,0.0010030470114372747,-0.02560187030352523,融程電
6114,80.02779062103318,72.80380047912712,65.48027703719833,80.12913208542815,72.80380047912712,65.48027703719833,-0.10134146439497727,0.0,0.0,久威
1762,56.55716477287501,45.71481577784134,36.107141371330506,56.65920070724668,46.26384461374451,36.107141371330506,-0.10203593437167058,-0.5490288359031723,0.0,中化生
6914,80.43712741219461,72.15452692296077,67.03657173919608,80.5398061184429,72.14546703711532,67.03657173919608,-0.1026787062482839,0.009059885845445592,0.0,阜爾運通
5301,88.16316585821185,80.12388135286187,74.03936852378159,88.26636768893948,80.12236367888057,73.95134343286685,-0.10320183072762745,0.0015176739812972073,0.08802509091474064,寶得利
4571,72.83440639876387,66.06526213280371,55.70316868430128,72.93814648345162,66.08412396638332,55.66733120050007,-0.1037400846877432,-0.01886183357960647,0.03583748380120966,鈞興-KY
1590,89.2943903929439,72.90340272903403,53.39640403396404,89.39986189399862,72.87370172873702,53.13218203132182,-0.1054715010547227,0.029701000297009728,0.26422200264222084,亞德客-KY
6805,81.02294725889831,63.544079245328376,51.270349390499995,81.12916587556161,64.05636814572873,52.34979205266467,-0.10621861666329835,-0.5122889004003497,-1.0794426621646735,富世達
2497,72.73457815845092,65.53047897343673,57.65902054827529,72.84124671905703,65.40980298252069,57.718620506334,-0.10666856060610996,0.12067599091604109,-0.05959995805870477,怡利電
2250,58.47160837134518,51.38386795772897,48.97571263847817,58.57878589629514,51.38386795772897,48.97571263847817,-0.10717752494996091,0.0,0.0,IKKA-KY
5201,74.83852709530287,57.27730344980944,37.248757582496005,74.94677126589545,57.316088595615724,37.238414876947665,-0.10824417059258451,-0.03878514580628689,0.010342705548339381,凱衛
1732,54.1273307764401,46.40444339343761,44.13069450616963,54.23570898443799,46.40444339343761,44.13069450616963,-0.10837820799789455,0.0,0.0,毛寶
3206,66.34544265530774,55.265883289538955,42.69451060338304,66.45403510157176,55.21835850022696,42.66905089482304,-0.10859244626402642,0.04752478931199278,0.025459708559999683,志豐
2762,90.06091822222221,85.511856,80.89502311111112,90.17172711111111,85.51718933333333,80.89502311111112,-0.11080888888889717,-0.005333333333339851,0.0,世界健身-KY
1599,72.30240539193571,65.00517522109507,56.857537668308346,72.41363964478434,65.1191481208692,56.97826817937107,-0.11123425284863231,-0.11397289977412584,-0.12073051106272459,宏佳騰
6996,74.02752788864845,61.1763584764226,55.68391440381334,74.13919248393687,61.04093545660473,55.68391440381334,-0.11166459528841699,0.1354230198178712,0.0,力領科技
6756,68.8991184454922,62.484293470495786,58.126875267895414,69.01130447206744,62.511440205743675,58.126875267895414,-0.11218602657523036,-0.027146735247889353,0.0,威鋒電子
4744,69.66031911316287,51.91348667084004,35.78378867203585,69.77270145192713,51.924022515099175,35.77852074990627,-0.11238233876426307,-0.010535844259138116,0.005267922129576164,皇將
4958,77.44266522085074,71.36163071442199,65.72959537613659,77.55881662658322,71.1731800912658,65.78659789094081,-0.11615140573248084,0.18845062315618577,-0.0570025148042248,臻鼎-KY
3653,85.07967778684089,70.59969133146049,64.05295072295458,85.19667548366809,70.81294562334503,64.17788120629032,-0.11699769682719818,-0.21325429188453882,-0.12493048333574563,健策
6281,66.40321914409218,55.88501682590953,43.58153224147977,66.52122108504493,55.88501682590953,43.58153224147977,-0.11800194095275174,0.0,0.0,全國電
6916,85.67113185185185,79.00265037037038,72.70113185185186,85.78922074074075,79.00561333333333,72.70113185185186,-0.11808888888889157,-0.0029629629629539522,0.0,華凌
5202,63.44256964554291,52.887405436954225,48.621680472310146,63.5614104204548,53.91703032751924,48.66208723370822,-0.11884077491188805,-1.0296248905650174,-0.04040676139807431,力新
4129,72.1363212396818,59.96605578837726,48.654684140478324,72.25578391841776,59.61037934872946,49.61206852303017,-0.11946267873595673,0.3556764396478016,-0.9573843825518438,聯合
6120,68.71762746179587,59.32011854658962,55.29190986006699,68.83890567259509,59.558232227339616,55.114533782277874,-0.1212782107992183,-0.23811368074999706,0.17737607778911268,輔祥
00695B,78.18106305678594,73.55150798785647,68.8050564873339,78.30274224854426,73.82029313691335,68.89463992435176,-0.12167919175831798,-0.2687851490568818,-0.08958343701786475,富邦美債7-10
4108,44.955329246420725,28.891999234372882,23.57013755978353,45.077170634922375,29.098928204100883,23.57013755978353,-0.12184138850165027,-0.20692896972800057,0.0,懷特
3305,50.11047975210524,42.022914919541584,35.71300177869334,50.232388720219156,41.8669573724878,35.72341584485805,-0.12190896811391383,0.15595754705378084,-0.010414066164713631,昇貿
4966,50.0650524809535,30.794513898996257,17.58765835739978,50.18723168891206,30.73830538413766,17.58765835739978,-0.12217920795855974,0.05620851485859646,0.0,譜瑞-KY
6151,52.619804080184885,35.62553906904608,22.500621637322126,52.74285750480027,36.476105419555424,22.500621637322126,-0.12305342461538515,-0.8505663505093466,0.0,晉倫
6222,92.54068377727242,90.09421345707491,84.51369656565521,92.66400009413842,90.1004837782715,84.51369656565521,-0.12331631686599565,-0.006270321196581108,0.0,立軒
1340,48.12750912870414,35.18248335083726,28.157012239929735,48.25092822129171,34.65652076663099,28.157012239929735,-0.123419092587568,0.525962584206269,0.0,勝悅-KY
5515,80.86660717859621,71.31171582249935,63.26021719316347,80.99100643231874,71.35078326653871,63.333874900568,-0.12439925372252958,-0.03906744403936102,-0.0736577074045286,建國
00983B,72.7027829682344,56.0491432433507,48.836500616228676,72.8274003163915,55.91306940331805,46.66390702957044,-0.12461734815710201,0.1360738400326511,2.1725935866582375,大華優利美公債20
3046,61.95172846506642,55.05506939990946,46.743454164989494,62.076729719081605,54.68454886167735,46.743454164989494,-0.12500125401518858,0.37052053823211395,0.0,建碁
4538,89.44776057362009,80.71270661227204,71.86375917350988,89.57354079573155,80.67234986128375,71.82508395381278,-0.12578022211145878,0.04035675098829472,0.03867521969709742,大詠城
2548,61.14314878188261,49.411150363308515,38.95109775831481,61.26920185381655,49.84979965915335,38.67138550138142,-0.12605307193393855,-0.4386492958448329,0.2797122569333865,華固
2755,77.63452631918213,66.36794735273,58.355557364973265,77.76096873444308,66.48004557578876,58.454122328139135,-0.12644241526095357,-0.11209822305876571,-0.09856496316587027,揚秦
9943,73.86875895321548,71.11770881409036,69.48158570588467,73.99596122152717,71.11770881409036,69.48158570588467,-0.12720226831169157,0.0,0.0,好樂迪
3362,65.00169298953126,58.733855433106065,49.06354263612289,65.13356678559698,58.99878718536633,49.0072509461497,-0.1318737960657188,-0.2649317522602672,0.05629168997318601,先進光
3588,38.76364706193213,27.577523848472513,20.202484604987852,38.89702409610451,27.93555864122739,18.578503632984447,-0.13337703417237634,-0.3580347927548786,1.6239809720034053,通嘉
3027,52.42379858535323,42.523356190124645,33.48249062198284,52.55757653518594,43.02081245569121,33.490232939147965,-0.1337779498327052,-0.4974562655665622,-0.007742317165124746,盛達
3528,75.08291514113851,69.4262189399107,62.56535641115586,75.21755658109784,69.2453899817789,62.53234281747852,-0.13464143995932432,0.1808289581317979,0.033013593677338804,安馳
6925,65.60632590511142,60.43165352519713,41.69038964415534,65.7413238801418,60.49665255021175,41.69038964415534,-0.13499797503038735,-0.06499902501462174,0.0,意藍
6909,54.0356108280151,37.84068551547759,20.731744505311323,54.17193156106502,37.974042754330775,20.84287553768898,-0.13632073304992076,-0.1333572388531863,-0.11113103237765642,創控
3593,76.66756557769101,64.22703266851347,50.01728470594603,76.8040216193061,64.18921954854785,50.01728470594603,-0.13645604161509084,0.037813119965619535,0.0,力銘
2458,65.38708723266356,57.332245049887916,48.7774281928661,65.5236172658353,57.506981233590096,48.84423079196238,-0.13653003317173784,-0.17473618370217991,-0.06680259909628461,義隆
4721,42.00557211087507,33.5042183169876,29.507724503930742,42.142826508691506,33.45220881935987,29.455715006303016,-0.13725439781643445,0.05200949762772922,0.052009497627725665,美琪瑪
4555,79.15869103368847,70.49712611451623,65.6706719398063,79.29613241924258,70.45535874734934,65.6706719398063,-0.13744138555411212,0.041767367166897884,0.0,氣立
5484,42.71972275864134,37.97782817622491,33.97938503914612,42.85744524782563,37.97333722549064,33.98686995703657,-0.13772248918429142,0.004490950734272303,-0.007484917890444365,慧友
2498,48.91900027852085,39.16500326599603,33.45409308850365,49.057715653288284,39.049980562504985,33.71633159628363,-0.13871537476743612,0.11502270349104293,-0.26223850777998337,宏達電
5519,66.82189242102649,57.238624798262194,51.16571342404175,66.96067983391114,57.37542530689231,51.16571342404175,-0.13878741288465335,-0.13680050863011672,0.0,隆大
6670,88.16269221945151,78.44600083251683,65.51099864978056,88.30292842359093,78.19188741547605,65.48014928195622,-0.14023620413941273,0.2541134170407844,0.03084936782434511,復盛應用
4119,59.73687223301373,47.68338411432265,45.06619915009655,59.87716084178487,47.64154613297647,45.024361168750374,-0.14028860877114369,0.04183798134617689,0.04183798134617689,旭富
4438,79.11303772155907,65.7987856429582,50.123521214880725,79.25479073458422,65.82812738110682,50.123521214880725,-0.14175301302515209,-0.029341738148630725,0.0,廣越
2748,68.57177633237076,61.47438133598491,59.4461751009702,68.71358176510705,61.468709118675456,59.4461751009702,-0.14180543273629098,0.005672217309452776,0.0,雲品
6719,57.21148614329231,48.936999633314656,43.05039635289999,57.353569724408096,48.42179407548957,43.05466090731959,-0.14208358111578434,0.5152055578250838,-0.004264554419599165,力智
7721,76.49357774968395,60.82114683041359,52.7644374209861,76.63625428932636,60.82295286256095,52.7644374209861,-0.14267653964240878,-0.0018060321473640784,0.0,微程式
00846B,98.56045460659045,98.18426361802285,98.18426361802285,98.70328446536651,98.18426361802285,98.18426361802285,-0.1428298587760537,0.0,0.0,富邦歐洲銀行債
6275,38.26715625961367,29.656515542612855,23.416985992344696,38.410201401670385,29.579253317775674,23.416985992344696,-0.14304514205671381,0.07726222483718104,0.0,元山
6237,26.68048215884386,18.8200404013436,12.701137395668608,26.82390166780691,18.644546209722595,12.701137395668608,-0.14341950896305278,0.17549419162100577,0.0,驊訊
4441,85.61563203761911,70.41343602543421,56.917089870510516,85.76074265186281,70.44277204367816,58.60632380703835,-0.14511061424370553,-0.02933601824395282,-1.6892339365278346,振大環球
5403,61.11473959894379,47.1383007827083,31.257540105947694,61.26022135940408,47.129346642068704,31.254981780050667,-0.14548176046028516,0.00895414063959521,0.0025583258970272027,中菲
6654,88.77329923403524,78.40371196053387,71.17873275993392,88.9200424190581,79.56817564849209,71.17873275993392,-0.14674318502287065,-1.164463687958218,0.0,天正國際
4155,58.69649883759688,43.37045167563799,32.53382543600731,58.84358792819112,43.321764933909826,32.51520991711126,-0.14708909059424258,0.048686741728161564,0.018615518896055505,訊映
5328,44.08187994163003,39.50282554544789,35.46683238963204,44.229024249820185,40.18648894089518,36.29222410068758,-0.1471443081901569,-0.6836633954472902,-0.8253917110555378,華容
4702,59.46791514823069,51.02577654521022,46.49212671359763,59.61543385333429,51.02596456398998,46.49231473237739,-0.1475187051036002,-0.00018801877975960224,-0.00018801877975960224,中美實
5364,81.8086203369964,70.31381705292127,61.31620327286134,81.95740669450903,70.31381705292127,61.31620327286134,-0.14878635751263403,0.0,0.0,力麗店
5905,59.086842035601215,46.00588264672125,40.56073711389616,59.23701856489221,46.15231374641372,40.56073711389616,-0.15017652929099512,-0.14643109969247092,0.0,南仁湖
6771,64.70541541718116,43.22584390384708,18.13748135794352,64.85615548677816,42.88587693837297,18.13748135794352,-0.15074006959700625,0.33996696547411176,0.0,平和環保-創
6277,65.72822265750716,57.85952737750964,43.65866823464333,65.879791446917,57.88646023593677,44.48997928085844,-0.1515687894098363,-0.026932858427123563,-0.831311046215113,宏正
3685,77.33952421645262,61.16338502525951,44.654223741423074,77.49158393445094,61.35942895920778,44.681870962877326,-0.15205971799832696,-0.19604393394827468,-0.027647221454252247,元創精密
6146,70.063432292862,54.26654756650372,41.822740212970814,70.21623515926849,54.802539529922676,41.8158685211321,-0.1528028664064891,-0.535991963418958,0.006871691838711058,耕興
3504,71.80129525932387,66.76940693865063,61.821962929353234,71.95427029780917,66.81805335684264,61.77724953628485,-0.1529750384853088,-0.04864641819200699,0.04471339306838473,揚明光
3481,46.78108073123942,37.07647251722905,32.44025668257191,46.93440773623489,37.185328596671766,32.54556076563715,-0.15332700499546803,-0.10885607944271669,-0.10530408306523498,群創
3051,48.478621556886225,33.53377904191617,25.555670658682633,48.63229820359282,34.3419383233533,25.555670658682633,-0.1536766467065931,-0.8081592814371277,0.0,力特
3711,90.46425327533318,86.42593072812701,81.04516753494472,90.61838656828442,86.56453112396105,81.21057566574173,-0.15413329295124356,-0.1386003958340325,-0.16540813079700456,日月光投控
8462,76.70627284522091,65.65668966585184,58.99366506484114,76.86221422730371,65.69774998365399,58.96505333673954,-0.15594138208280128,-0.041060317802148916,0.02861172810160184,柏文
6789,77.23193195517453,72.32052439328304,69.20789969261585,77.38816801437643,72.37985474914242,69.19712492198258,-0.15623605920190187,-0.059330355859387396,0.01077477063327592,采鈺
3028,50.74888238317028,43.13298534120927,38.47395759808037,50.906753364707626,43.11757402096693,38.14115535998,-0.1578709815373429,0.015411320242343152,0.3328022381003706,增你強
6443,22.468956266550297,16.336559907470548,13.270286844457843,22.62697501990701,16.569664943066233,13.712495202533761,-0.15801875335671411,-0.23310503559568474,-0.4422083580759182,元晶
3622,67.18635001149823,58.6201842889202,55.31932641500955,67.34701865357013,58.60432465723371,55.30346678332306,-0.16066864207189724,0.01585963168648874,0.01585963168648874,洋華
6185,64.42547985927652,49.96597294980458,37.53713604583237,64.58654343214609,50.46133174770191,37.69527570318083,-0.16106357286956552,-0.4953587978973317,-0.1581396573484639,幃翔
3219,86.20724488192398,80.84772853160898,76.33115252975445,86.36897318617437,80.2732385002803,76.4384234353215,-0.16172830425038853,0.5744900313286792,-0.10727090556704866,倚強科
1259,84.77668688926967,78.35728245264669,71.16532209512341,84.93842757683817,78.51284829960326,71.32088794207999,-0.16174068756849636,-0.15556584695657705,-0.15556584695657705,安心
6143,34.175193995340194,26.122396153880523,17.6508467218677,34.33972898816028,26.49004669441673,17.6508467218677,-0.1645349928200872,-0.36765054053620716,0.0,振曜
6785,75.41745958083833,60.965043413173646,54.52285029940119,75.58386077844311,60.984504491017965,54.5542874251497,-0.16640119760478456,-0.019461077844319163,-0.03143712574851065,昱展新藥
6419,47.45694447294168,39.99009815968637,32.17617068553716,47.62412826948812,39.99009815968637,32.17617068553716,-0.1671837965464391,0.0,0.0,京晨科
5522,91.21062136735635,88.24768900084821,85.9059874879823,91.37950805472208,88.49450287978036,86.05558774687096,-0.16888668736572754,-0.24681387893214435,-0.14960025888865403,遠雄
6799,42.6257255849666,32.325441244154675,21.070341185378705,42.79476176603544,32.4211706843686,21.070341185378705,-0.1690361810688401,-0.0957294402139226,0.0,來頡
2239,87.37256089499277,80.10688542049192,78.12764603698773,87.54202024926934,80.07910504528603,77.270292567593,-0.16945935427656877,0.027780375205892938,0.8573534693947238,英利-KY
6111,53.45790105899296,45.70901039935516,40.57770830678531,53.627483729385936,45.783370365101895,40.66681290888489,-0.1695826703929768,-0.07435996574673709,-0.0891046020995816,光聚晶電
2451,78.05828469243374,70.783537820334,64.76486080450442,78.22799683803483,71.03510566090641,65.31569859834575,-0.16971214560108194,-0.251567840572406,-0.5508377938413247,創見
2726,73.97376856459664,65.07455316113634,49.92079160267613,74.14357570375043,65.02414166670005,49.87038010823985,-0.16980713915378942,0.05041149443628967,0.05041149443628257,雅茗-KY
3540,32.45359250078511,23.571494504025807,21.901636291450334,32.62532408205739,23.728968203431585,21.901636291450334,-0.17173158127227595,-0.15747369940577727,0.0,曜越
2480,46.12726285226128,31.78282579162932,18.111159549196795,46.2995141673691,31.848426401917234,18.13560476249543,-0.17225131510781466,-0.06560061028791253,-0.024445213298633917,敦陽科
6208,70.64037782759634,65.48356840990066,52.09715579466412,70.81281161954664,65.43908613403757,52.07069022202847,-0.17243379195029718,0.04448227586308917,0.026465572635650858,日揚
4746,53.29328908205575,40.82470904166307,30.64838788908954,53.466762392481115,40.788208564759486,31.49791582476455,-0.17347331042536496,0.03650047690358349,-0.8495279356750096,台耀
3128,45.65961646865919,31.262590878395933,23.78486948028878,45.83360499116934,31.178055538830474,23.77218917935396,-0.1739885225101503,0.08453533956545911,0.012680300934821531,昇銳
6757,77.92948577894806,75.02389397863034,72.94311883881358,78.103865688856,75.25320066154549,73.08094836028116,-0.17437990990794106,-0.22930668291515133,-0.1378295214675802,台灣虎航-創
2727,57.14757259361692,39.19021615946996,17.194864067516477,57.32251931330353,38.701093339532505,18.582612424587,-0.17494671968660924,0.48912281993745665,-1.3877483570705245,王品
8163,53.661652665494096,44.94809733947108,39.80755950068729,53.83676695058297,45.16524591012413,39.66444592976984,-0.17511428508887406,-0.21714857065304471,0.1431135709174498,達方
3230,61.950499297182105,53.582922629573694,46.50753218487424,62.12896621242191,53.90032426122736,46.462189094638006,-0.1784669152398024,-0.3174016316536665,0.04534309023623706,錦明
6581,93.4788198462011,90.0167516414244,86.88687904501022,93.65856138092977,90.02124517979263,86.88687904501022,-0.17974153472866305,-0.004493538368222971,0.0,鋼聯
6278,70.56994401059434,62.63396736711441,52.11734109870311,70.75059858493799,62.44171115423486,52.14759776707771,-0.18065457434364873,0.19225621287954908,-0.030256668374605056,台表科
5288,80.65318471693068,69.51988732304159,59.24825422193537,80.8350617963985,69.51973093566909,59.82215283660438,-0.1818770794678244,0.0001563873724990117,-0.5738986146690124,豐祥-KY
6283,71.86472954105045,63.27094611139296,57.40294218626266,72.0476510367574,62.833898997653115,57.42326995899475,-0.1829214957069496,0.43704711373984395,-0.02032777273208808,淳安
4440,67.93682209532827,57.03396402260422,28.87961478150241,68.1202594751324,56.86975798100535,27.25974437113524,-0.18343737980413266,0.16420604159887375,1.6198704103671702,宜新實業
3557,69.04765657675846,61.05457203654348,53.325453400080306,69.23158019643735,60.56711680370267,53.320709310222966,-0.18392361967889315,0.4874552328408157,0.004744089857339873,嘉威
1587,57.975012688669956,47.05837457713177,37.91258663096351,58.16234732249828,46.48376944484333,37.90759010804381,-0.18733463382832127,0.5746051322884398,0.0049965229196970995,吉茂
6584,80.6385867376223,74.56470113887946,62.72338494596721,80.82741184096736,74.56330018250259,62.721983989590335,-0.18882510334505298,0.0014009563768695443,0.0014009563768766498,南俊國際
6937,75.12886913173334,63.83182931385545,54.429299905315574,75.31805470921013,64.16346500641052,54.48157817374829,-0.18918557747679188,-0.33163569255506786,-0.052278268432715436,天虹
00696B,85.7714637490873,83.00389051954002,82.06159150111465,85.9618262501194,83.23824255562337,82.31115689166414,-0.19036250103209795,-0.23435203608335087,-0.2495653905494919,富邦美債20年
00958B,46.717568657448595,21.64851127869561,15.105786931180418,46.908017726634014,21.375839562321758,14.384129174946578,-0.19044906918541926,0.27267171637385346,0.7216577562338404,永豐ESG銀行債15+
4747,87.57516547358625,75.76571952876037,65.49778060471658,87.76653816393785,76.28594529046327,65.45158719670067,-0.19137269035159932,-0.5202257617029034,0.046193408015909654,強生
2929,48.50813887809833,32.255684561902015,24.948243206161063,48.7001451168421,32.182621089599586,24.948243206161063,-0.19200623874377243,0.07306347230242949,0.0,淘帝-KY
6414,75.22205406119487,62.44041376245799,48.2850424971343,75.41567705862361,62.78671355293211,50.619840302421316,-0.1936229974287471,-0.3462997904741201,-2.3347978052870175,樺漢
8016,64.58984000882461,44.50305666346776,29.44863657017351,64.7836822392485,44.8622993992286,29.458125746502684,-0.19384223042389692,-0.3592427357608372,-0.009489176329175564,矽創
6488,83.98532692195774,76.53240073792067,69.14493471192445,84.1799199552366,77.13774332665308,70.45101727627669,-0.19459303327886346,-0.6053425887324124,-1.3060825643522378,環球晶
6919,81.59045379511372,73.20835868764536,66.99589632201764,81.78623098712302,73.42688692997451,67.27027092895867,-0.19577719200930233,-0.2185282423291568,-0.27437460694102356,康霈*
3150,69.62116480110949,53.98627996515582,46.28501371690259,69.81705906624921,53.981773126129006,46.28050687787577,-0.19589426513972796,0.004506839026817033,0.004506839026817033,鈺寶-創
6446,70.77518614858752,56.98144043396226,42.448851919388176,70.97201808010686,56.5901908632158,42.36852574700817,-0.1968319315193412,0.39124957074646005,0.08032617238000483,藥華藥
1536,42.576344044592595,33.40322328423336,27.60851034321959,42.775071449167605,33.64968844063045,27.644736747156568,-0.19872740457500981,-0.2464651563970861,-0.03622640393697907,和大
6924,88.96673778122576,82.22216834755625,73.08475562451513,89.16553529868115,82.22216834755625,73.08475562451513,-0.19879751745538954,0.0,0.0,榮惠-KY創
8215,60.179592881522225,53.01720765997637,50.26130857408893,60.37867761452349,53.14934881292125,50.63376006239149,-0.19908473300126417,-0.13214115294487527,-0.37245148830255914,明基材
5534,75.31312867484809,68.38798365982935,58.868191188571984,75.51256008227169,68.33433885367383,58.9251535141604,-0.199431407423603,0.0536448061555177,-0.0569623255884153,長虹
3564,67.04056247593125,60.482209830664324,59.07745308770698,67.24170431153672,60.65599640328949,59.07745308770698,-0.20114183560546905,-0.1737865726251684,0.0,其陽
5457,61.25178075490351,51.9661067994313,46.2654789871431,61.45336019972631,52.10680307572005,47.232090202658675,-0.201579444822805,-0.14069627628875025,-0.9666112155155773,宣德
3511,59.28903581079826,53.762032897500525,51.13364400923337,59.49402388520267,53.76453374325529,51.13364400923337,-0.2049880744044117,-0.002500845754767056,0.0,矽瑪
4523,69.29145021478391,59.97034596375618,52.02644690449429,69.49645106160219,59.96110794623474,52.01720888697285,-0.20500084681827957,0.009238017521440156,0.009238017521440156,永彰
5603,63.370102162057925,53.99314453412857,49.79316693569234,63.57528709905728,53.615492156415776,49.76265488832986,-0.20518493699935192,0.37765237771279203,0.030512047362478256,陸海
6589,68.31435820700459,57.86623780276564,50.25386968197897,68.5207234606225,58.30689619051982,50.64555024708625,-0.2063652536179177,-0.4406583877541834,-0.3916805651072792,台康生技
00986B,82.61343801175224,79.24073788652346,73.57483864752913,82.81987284461998,79.2496146806666,73.58317599460553,-0.20643483286774256,-0.008876794143134248,-0.008337347076391666,FT金融債10+
3631,89.06856803558611,80.24613121812176,74.4426122178623,89.27511670641547,80.23757594773238,74.4426122178623,-0.20654867082936335,0.008555270389379643,0.0,晟楠
4768,49.98217548533187,35.056744583033236,19.49717832742015,50.18900892560808,35.047917084009214,19.49717832742015,-0.2068334402762062,0.008827499024022245,0.0,晶呈科技
6116,49.640802613984405,43.09945111313475,40.49430222732405,49.84839993892638,43.33000748819676,40.8798749380745,-0.2075973249419718,-0.2305563750620152,-0.3855727107504521,彩晶
2449,67.11921559464923,60.669502732414756,54.889016860811694,67.32964671922524,60.980058843679785,54.898286557755995,-0.21043112457600444,-0.31055611126502924,-0.009269696944301131,京元電子
3501,59.575607138792485,47.393213649009766,42.49066787717325,59.7889746536822,47.375455854219396,42.49066787717325,-0.21336751488971828,0.017757794790369985,0.0,維熹
3058,36.45163742266311,21.806972032642875,15.159034667076444,36.66642922859991,22.0773549823047,15.149120070371428,-0.21479180593679814,-0.2703829496618262,0.009914596705016265,立德
4977,29.13261618195638,16.951285466856806,8.43948653861845,29.347791344767494,16.939719354400502,8.43948653861845,-0.21517516281111426,0.011566112456304012,0.0,眾達-KY
3130,63.71159993612668,55.770495952179374,49.30225334205063,63.92695845522993,55.868351676825135,49.28260627223891,-0.21535851910324766,-0.0978557246457612,0.01964706981172526,一零四
4542,63.90316836866241,48.81044277749027,20.727169244611684,64.11877138836228,49.027837155932666,20.727169244611684,-0.21560301969986284,-0.21739437844239262,0.0,科嶠
4989,23.894919158566125,17.013935922998787,11.696942003108061,24.110607055936427,16.935157848434248,11.664529609061418,-0.21568789737030158,0.07877807456453922,0.0324123940466432,榮科
4162,56.376465398512956,45.06418326470285,38.96039495080794,56.592338237181515,45.67124362566089,38.987239768136504,-0.21587283866855955,-0.6070603609580445,-0.02684481732856625,智擎
6269,42.345453127826076,32.04595077647809,25.29850085822879,42.56279456659743,32.01222953366909,25.52331779009466,-0.21734143877135637,0.033721242808994134,-0.22481693186587037,台郡
6423,58.329794299716276,40.80659659530565,23.04455764766572,58.54777211761672,40.680855042558676,22.992971369615685,-0.21797781790044013,0.12574155274697318,0.051586278050034906,億而得-創
6546,51.668938496987415,41.23567923019426,29.919310468968398,51.88923081820492,40.991199362007634,29.919310468968398,-0.22029232121750653,0.24447986818662315,0.0,正基
3533,76.59079545524322,61.24672168869242,43.79128743508968,76.81177175845268,60.827751328699165,42.82762637167591,-0.22097630320945427,0.4189703599932528,0.9636610634137668,嘉澤
2753,65.99717703389774,54.94404844453271,43.817850383996976,66.21820854549544,55.047582409885386,43.76833413969787,-0.22103151159770107,-0.10353396535267478,0.04951624429910595,八方雲集
4502,84.08473453973592,70.7122974738798,55.45054955597695,84.30932265751375,70.74124608928611,56.04511394059122,-0.22458811777782728,-0.028948615406307,-0.594564384614273,健信
3055,72.05160694265508,64.48142976714277,56.051041497589935,72.28248947305185,64.58103149071174,56.963414403130955,-0.23088253039676943,-0.09960172356896635,-0.9123729055410195,蔚華科
5310,80.48786883777808,57.02664952569517,36.18060997908443,80.71935418214726,57.05428956681388,36.664310698661815,-0.231485344369176,-0.027640041118708325,-0.48370071957738503,天剛
6148,46.9892244953556,35.20866568761827,33.68518336407942,47.221630650936575,35.20866568761827,33.68518336407942,-0.23240615558097488,0.0,0.0,驊宏資
1256,71.21454629276714,59.918804692206095,47.11402115368502,71.44788275063078,59.918804692206095,47.11402115368502,-0.23333645786364343,0.0,0.0,鮮活果汁-KY
4561,61.86989290231358,58.37669665290702,52.18462428389071,62.104363517352446,58.37647451277792,52.18462428389071,-0.23447061503886601,0.00022214012910382053,0.0,健椿
6598,70.53880505677833,53.68726232580552,37.26031304643018,70.77845322862849,53.75534308760124,37.269066287232484,-0.2396481718501633,-0.06808076179571998,-0.00875324080230655,ABC-KY
6225,80.19239208633093,71.29037769784172,62.15671942446043,80.43339928057553,71.29397482014387,62.15671942446043,-0.24100719424460237,-0.003597122302153366,0.0,天瀚
6184,80.06016667276371,72.19034394193231,67.84175200637765,80.30133469724645,72.18849354788257,67.84175200637765,-0.24116802448273233,0.0018503940497396343,0.0,大豐電
6525,75.51110373535353,67.85640459011552,59.06898585406427,75.7536154316774,67.55827843825179,58.93880111510048,-0.2425116963238736,0.2981261518637268,0.13018473896379135,捷敏-KY
6165,64.5209358403253,50.96637833041336,38.3824954689953,64.76429740511776,50.96766446065749,38.289894091418624,-0.2433615647924654,-0.001286130244125161,0.09260137757667763,捷泰
5258,63.71719615840885,50.54362395346477,39.31896314782851,63.96126833592574,50.78051993598617,38.26461157113964,-0.24407217751688393,-0.23689598252140343,1.0543515766888731,虹堡
3017,81.99793567689865,67.74974119262919,55.03798890355149,82.24526758529646,68.38895331589596,54.653963356770284,-0.24733190839781116,-0.6392121232667733,0.3840255467812099,奇鋐
5490,50.205063948562135,33.74291348775261,25.618774966992174,50.45324651486657,34.610946659452964,25.618774966992174,-0.24818256630443614,-0.868033171700354,0.0,同亨
2745,57.79366423724004,51.284797213578614,51.284797213578614,58.04212227412695,51.284797213578614,51.284797213578614,-0.24845803688691603,0.0,0.0,五福
3527,44.67385793155042,26.70701454883972,20.06745171714558,44.92293811751008,26.70589856592821,20.06745171714558,-0.24908018595965586,0.0011159829115108266,0.0,聚積
6969,73.47918262613685,53.74879589296068,40.67748163248675,73.72833448126373,54.02469136815859,40.67748163248675,-0.24915185512688254,-0.27589547519791324,0.0,成信實業*-創
6561,79.8441065404523,72.8807362185741,70.075905896955,80.09404506533423,73.00644433689416,70.1413254279175,-0.24993852488192658,-0.12570811832006257,-0.06541953096248676,是方
4107,73.20919076613903,61.737456437626435,51.88676536186958,73.459926945432,61.71148178796096,51.86079071220412,-0.25073617929297143,0.02597464966547136,0.02597464966545715,邦特
3325,46.28238116102219,30.452783238347113,14.783227273176996,46.533943743140625,30.44279854306957,14.782319573606312,-0.2515625821184386,0.009984695277541533,0.0009076995706838176,旭品
8488,92.42710612244898,86.97940136054422,80.29165850340137,92.68016734693877,87.0746394557823,80.29165850340137,-0.25306122448979806,-0.0952380952380878,0.0,吉源-KY
3303,59.88687053533409,47.913251319549886,36.230006466001434,60.14036980333223,47.938767150264,36.25338818358351,-0.25349926799813716,-0.025515830714113008,-0.023381717582076078,岱稜
6477,49.30752844830851,40.64857527628497,37.237035356869626,49.56714915494031,40.808990719716704,37.397450800301364,-0.25962070663180015,-0.16041544343173086,-0.16041544343173797,安集
6844,76.55418446507522,63.45938275813793,55.960649174798625,76.8186892106644,63.45938275813793,55.960649174798625,-0.26450474558917847,0.0,0.0,諾貝兒
3232,70.59665715832152,58.424076345351025,43.966821326251484,70.8631520899659,58.40045490597432,43.910988833179275,-0.2664949316443739,0.023621439376704245,0.05583249307220939,昱捷
6121,79.53271245349104,66.46181708556486,48.33728341325571,79.80219593804567,67.00776192340142,49.98953590004254,-0.2694834845546268,-0.5459448378365579,-1.6522524867868285,新普
6158,56.62692952641443,42.09348023438205,32.856956616962016,56.89770052722223,42.371520157776324,33.11343146427285,-0.27077100080779815,-0.2780399233942745,-0.2564748473108338,禾昌
6796,66.11222805007809,47.428523707702716,33.96098371599919,66.38549713090704,47.428523707702716,33.96098371599919,-0.2732690808289533,0.0,0.0,晉弘
3057,47.458293774802776,34.50980333215997,32.895663512726195,47.73176465755084,34.50980333215997,32.895663512726195,-0.2734708827480645,0.0,0.0,喬鼎
6234,60.0673937917366,53.97129300326126,50.22414391240534,60.343056636019554,53.94156985291971,50.21916315794098,-0.2756628442829552,0.029723150341546045,0.004980754464355641,高僑
4420,65.11480163144235,60.046419478432824,54.11843777036213,65.39144234334445,60.15765418366086,54.11843777036213,-0.27664071190210393,-0.11123470522803558,0.0,光明
1783,74.62398513056824,63.92652064092985,56.10270070892794,74.9010600724441,63.92652064092985,56.10270070892794,-0.2770749418758527,0.0,0.0,和康生
6527,71.84484976559938,45.17683450157216,34.29321387117491,72.12363233569862,44.99222068813817,34.15966345294606,-0.27878257009923857,0.18461381343399097,0.13355041822885028,明達醫
6895,73.91222287390029,61.06455718475073,50.999369501466276,74.19121994134898,61.06748973607038,50.999369501466276,-0.27899706744868524,-0.0029325513196454267,0.0,宏碩系統
2211,84.72131950588498,80.8029930835578,77.19755822477718,85.00181337923955,81.21345461343091,77.52842090656745,-0.28049387335457254,-0.41046152987311757,-0.3308626817902649,長榮鋼
00799B,37.69651636196036,25.282935166692273,8.469042863727147,37.979420801966505,25.489022891381165,12.407136272852973,-0.282904440006142,-0.20608772468889214,-3.938093409125827,國泰A級醫療債
2070,68.50076825870931,63.07218999205415,47.35923154982433,68.78433948897631,63.01140900083288,47.35923154982433,-0.2835712302670004,0.06078099122127156,0.0,精湛
5228,67.79226268019607,55.6964633381011,44.941048189899305,68.08130847774214,55.62551573324889,44.941048189899305,-0.2890457975460663,0.07094760485220775,0.0,鈺鎧
1565,31.249247766347043,17.566344727192178,8.409172898817523,31.54154682168042,16.89394602356101,10.491823750772465,-0.29229905533337686,0.6723987036311669,-2.0826508519549414,精華
3040,75.3348600182005,68.42274384760525,64.84092799560187,75.63233283711243,67.98332968362874,64.383393659915,-0.29747281891192756,0.4394141639765081,0.45753433568687285,遠見
00860B,10.072107824784725,0.0,0.0,10.37592661924373,0.0,0.0,-0.30381879445900495,0.0,0.0,群益1-5Y投資級債
8374,74.96507788775945,71.40925329654543,68.36997255083074,75.27001240344747,71.8314602745585,68.36997255083074,-0.3049345156880179,-0.4222069780130653,0.0,羅昇
5864,79.68602530550432,68.48186256917589,60.77313146951765,79.9936291711137,68.47644482146056,60.9469703670132,-0.30760386560938,0.005417747715327437,-0.17383889749554982,致和證
2471,34.70152404384063,24.501896034379392,6.741982511915951,35.012239204010505,24.546336820100947,6.741982511915951,-0.31071516016987744,-0.04444078572155519,0.0,資通
1785,51.19216136290646,42.54666278686056,36.495365859456605,51.503049137066014,42.8132596522327,36.85718535969675,-0.3108877741595535,-0.26659686537214355,-0.361819500240145,光洋科
2465,50.840652331549805,41.12114220131343,32.384459115681004,51.154509124499356,41.83723844597543,31.837372671975896,-0.3138567929495508,-0.7160962446619976,0.5470864437051084,麗臺
6163,53.41721735940171,43.88340288836213,35.21186657127663,53.731407722748436,44.18079655024239,36.53712900445205,-0.3141903633467251,-0.29739366188026395,-1.3252624331754177,華電網
4974,49.3850146752893,42.21096979391919,39.73971126993142,49.7017328416522,42.169437439703536,39.73971126993142,-0.31671816636290373,0.041532354215654266,0.0,亞泰
8110,53.983231339901664,49.91422198277809,46.65869835376559,54.300192245574685,50.445544395348065,47.19342691695626,-0.31696090567302093,-0.5313224125699776,-0.5347285631906757,華東
4137,61.907881155040435,51.21319613273231,44.415583990515486,62.22556152176535,51.20713496463611,44.415583990515486,-0.3176803667249146,0.006061168096195502,0.0,麗豐-KY
5223,71.31752230162478,62.24333852505358,54.180120436506755,71.6354565244664,62.24333852505358,54.180120436506755,-0.31793422284162887,0.0,0.0,安力-KY
5439,51.07608244990192,36.218433788894174,22.934711925995348,51.395487028794975,36.7622116629995,21.875045945625697,-0.3194045788930566,-0.5437778741053236,1.059665980369651,高技
8072,66.987145,60.19699625,57.879496249999995,67.307145,60.21574625,57.879496249999995,-0.3200000000000074,-0.018750000000004263,0.0,陞泰
4707,77.8999479014009,70.76221318059136,65.27634488534456,78.2221029192183,70.90660033741106,65.57026193237625,-0.3221550178173942,-0.14438715681970393,-0.2939170470316981,磐亞
6753,67.45405477804417,58.7590087402181,51.34186551858979,67.77629581814438,58.91913523118606,51.35253300221309,-0.3222410401002094,-0.1601264909679614,-0.010667483623301166,龍德造船
3596,77.73838026983823,70.38590861124979,59.94721519438686,78.0612348418618,70.10601711776734,59.55434792676473,-0.3228545720235729,0.27989149348245235,0.39286726762212965,智易
6469,55.90180264959449,47.7119551041003,40.80838942819675,56.22725663831601,47.574897132882555,40.90281243395984,-0.3254539887215202,0.1370579712177431,-0.09442300576309037,大樹
5251,43.603028537581636,33.512440808994604,29.21995624689458,43.930825544089465,33.512440808994604,29.21995624689458,-0.3277970065078293,0.0,0.0,天鉞電
6640,73.75441606281238,65.6857997682583,63.77998374349308,74.08290472649291,65.6857997682583,63.77998374349308,-0.3284886636805311,0.0,0.0,均華
3413,56.52585856033754,46.52137194391344,41.65305822123302,56.85475123463358,46.8985097291237,41.3675604879536,-0.32889267429604274,-0.377137785210266,0.28549773327942063,京鼎
3138,37.54511652066627,27.531175613754737,18.989871562993496,37.87830199697072,29.538163658260235,18.989871562993496,-0.3331854763044504,-2.0069880445054977,0.0,耀登
3290,68.74945034105956,54.51053978431134,42.375677650357034,69.08631769733634,54.763757003073344,42.39008766543279,-0.3368673562767839,-0.2532172187620034,-0.01441001507575379,東浦
8131,75.40541489250305,70.75610806650936,68.07912138780054,75.74289024366828,70.98151758872598,68.35608847274055,-0.33747535116523864,-0.2254095222166228,-0.27696708494001143,福懋科
3209,52.72311658190401,42.32151527132989,34.05842093775226,53.06147801479519,42.46130130214857,34.071540800110405,-0.33836143289118326,-0.13978603081867647,-0.01311986235814544,全科
6140,52.05566675215893,45.41513897834811,34.47532831940684,52.39597754079583,45.497486600546175,34.47532831940684,-0.34031078863690567,-0.08234762219806413,0.0,訊達
3218,64.0760740240009,55.89445081545627,49.12999070084462,64.41680148830865,55.88461309348979,49.12644982911104,-0.34072746430774714,0.00983772196647692,0.0035408717335840834,大學光
3019,46.841852778729084,39.5812440680665,33.05519965501413,47.18410985097934,40.46170197285706,33.22579818851621,-0.3422570722502556,-0.8804579047905534,-0.17059853350207987,亞光
6609,64.48893584688338,58.7962699585623,55.775288164943014,64.83259152012927,58.58234775232491,55.75872644575045,-0.3436556732458911,0.21392220623739178,0.016561719192566215,瀧澤科
6957,87.38862407249347,72.14287215763308,54.12823865240577,87.73292569504304,73.18935450223533,54.34699144317866,-0.3443016225495654,-1.0464823446022535,-0.21875279077288923,裕慶-KY
6108,69.1567367810715,56.30211393350271,49.335447050862605,69.5039696316067,56.56176232922907,48.55250689457426,-0.3472328505351925,-0.25964839572635867,0.7829401562883476,競國
5245,68.55236321757162,58.60338029457049,41.799728711211664,68.9001919376637,59.05022113632668,42.24656955296784,-0.34782872009208177,-0.44684084175618466,-0.44684084175617755,智晶
2066,74.63603156002088,68.76653603085585,53.56277469499282,74.98439072253795,68.75528731723062,53.56277469499282,-0.34835916251707033,0.011248713625221285,0.0,世德
6196,79.65369498883648,70.28855809881026,65.84225939138643,80.00483312429719,71.04977290629074,66.92177561002275,-0.35113813546071526,-0.761214807480485,-1.0795162186363143,帆宣
2478,65.90622850521683,57.13194016673887,46.829824465315006,66.25901180946029,58.068373153101284,46.368482088043145,-0.3527833042434594,-0.9364329863624121,0.4613423772718619,大毅
5392,43.50374028362648,35.65221469188653,32.124591032806045,43.86184026026643,36.12889104853138,31.87222379972785,-0.35809997663995574,-0.47667635664485175,0.2523672330781963,能率
6217,31.75938766599285,24.137120258781973,16.0734187413912,32.12060593660176,24.415279076230497,17.28530576626991,-0.3612182706089122,-0.27815881744852433,-1.2118870248787097,中探針
3715,36.7266299154652,28.759888086444306,20.258616689004825,37.08914477328476,29.231460672794285,21.31851879927293,-0.36251485781955495,-0.47157258634997845,-1.059902110268105,定穎投控
6953,75.8435461408781,63.566630906292275,56.200852251904074,76.20667608430564,63.566630906292275,56.200852251904074,-0.3631299434275377,0.0,0.0,家碩
6112,63.953554216757446,58.765017785131555,55.630407726726396,64.32232668654859,58.99706449447767,56.42615533700265,-0.3687724697911463,-0.2320467093461147,-0.7957476102762513,聚碩
6192,71.1113779235505,55.738079992495514,45.524855138698385,71.48064021535056,56.306948610572206,45.578934056687395,-0.3692622918000552,-0.5688686180766922,-0.05407891798900977,巨路
1477,70.49081222430667,59.69276160677837,50.642721081424554,70.86268428737785,59.64546246867669,50.124755712765165,-0.37187206307118004,0.047299138101678295,0.5179653686593895,聚陽
7765,71.33847004744229,60.46295076325558,56.68002261497996,71.71038814188442,59.37243430594135,56.68002261497996,-0.37191809444213675,1.09051645731423,0.0,中華資安
6949,96.45368980353018,93.15684259161132,89.42525196305888,96.82943486624363,93.52487174071993,89.80920363738667,-0.3757450627134489,-0.36802914910860807,-0.38395167432778976,沛爾生醫-創
4763,69.35112363063408,60.34957161610826,56.0917316741308,69.7275393951435,60.84651581549579,56.67215965049955,-0.37641576450941727,-0.496944199387535,-0.5804279763687532,材料-KY
6231,45.37540874822511,32.616295745399796,25.317186344592567,45.75488674299189,32.64223316710398,25.29976111111087,-0.37947799476678057,-0.025937421704185226,0.01742523348169911,系微
6570,59.6862052680596,44.66712752467256,29.847679783788266,60.06963517772622,43.51139047559522,29.793799268679766,-0.38342990966661716,1.155737049077338,0.05388051510849934,維田
4590,62.21744616910778,50.31054881251094,35.30404424636751,62.60655671937913,51.317830206570584,35.068807623854816,-0.3891105502713472,-1.0072813940596461,0.23523662251269428,富田-創
7795,80.64884908377047,70.36446716606304,64.73332360757847,81.03828564542012,71.25120229358672,64.31596186658378,-0.3894365616496458,-0.8867351275236786,0.4173617409946928,長廣
6944,73.42638473783744,55.30371720601921,36.28156081081718,73.81815242650917,54.67789397679221,36.08897203998231,-0.3917676886717345,0.6258232292269952,0.1925887708348739,兆聯實業
4760,56.22782086549514,36.40157104837214,34.68088317140559,56.61988924691943,36.50111710900322,34.780429232036674,-0.3920683814242878,-0.09954606063107718,-0.09954606063108429,勤凱
4433,65.3316535881519,56.26690564960322,52.24917631833357,65.72480348785625,57.11519588962922,52.24917631833357,-0.39314989970435477,-0.8482902400260031,0.0,興采
4749,48.627500076135135,33.98215286743413,23.847169617428968,49.026513660280415,33.67928120826917,23.822379910076613,-0.39901358414527976,0.30287165916496406,0.02478970735235464,新應材
3388,51.10470374349105,37.94385950614957,29.65741910005344,51.50696959392567,38.43827501954596,29.67683938733388,-0.4022658504346168,-0.49441551339639034,-0.019420287280443205,崇越電
7749,66.06273650269605,46.751566416255756,28.998055058963473,66.46569028670477,45.70328768434045,29.00235745474396,-0.40295378400871584,1.0482787319153033,-0.0043023957804884105,意騰-KY
5225,55.11958142095722,44.694196037153475,37.935213686923404,55.52443127412043,44.808408822836604,37.935213686923404,-0.4048498531632134,-0.11421278568312943,0.0,東科-KY
6720,79.10012525409938,58.15036253700791,25.494225144020383,79.50715252936232,58.139285981442114,25.500972829747997,-0.4070272752629336,0.011076555565793456,-0.006747685727614083,久昌
3467,75.3524311858373,62.59850772999105,55.5981921374871,75.76070507808174,62.608151995162174,55.5981921374871,-0.4082738922444378,-0.00964426517112571,0.0,台灣精材
3479,49.58210229417513,39.846779969049464,30.26255188944207,49.99208478321274,39.84170990370381,30.27624366731313,-0.4099824890376098,0.005070065345655905,-0.013691777871059685,安勤
4722,73.10421379873284,58.44038019487452,43.405010294450655,73.51827923557927,57.91710242044588,44.27224878751652,-0.41406543684642827,0.5232777744286423,-0.8672384930658623,國精化
4951,37.66023920140123,19.62835026901307,4.480496819894793,38.0750688905904,19.965112594433645,4.480496819894793,-0.41482968918916896,-0.33676232542057605,0.0,精拓科
3526,65.64049818392964,43.82333938073089,29.503249556811305,66.05593781424447,43.88463659004812,29.61353212013752,-0.415439630314836,-0.0612972093172246,-0.11028256332621567,凡甲
3135,56.15890993385171,48.27461566073791,42.411838685478344,56.574452392491224,48.30329389260488,42.411838685478344,-0.4155424586395142,-0.028678231866969384,0.0,凌航
3529,75.17739486278188,54.61639970986989,32.77393722013346,75.59316080878455,55.294243837292555,32.74193009359711,-0.41576594600266503,-0.6778441274226665,0.03200712653634952,力旺
00741B,59.43778184034125,49.908531383302865,37.85801340645948,59.85624619134674,49.44338817794028,37.85801340645948,-0.41846435100548973,0.4651432053625868,0.0,富邦全球非投等債
6498,76.97801233518688,67.47044162961699,54.69911339422543,77.39675117636547,67.5525885853814,54.76019702799897,-0.4187388411785946,-0.082146955764415,-0.06108363377354209,久禾光
6259,51.43254529684869,42.78977946578978,41.09667450404628,51.851519449606506,42.83361656301617,41.09667450404628,-0.41897415275781924,-0.04383709722639395,0.0,百徽
4754,49.548127568357586,36.69429088027807,28.460495360218523,49.96750179926405,36.69429088027807,28.460495360218523,-0.4193742309064632,0.0,0.0,國碳科
3543,69.11193540180922,49.99157923567393,33.2855183259321,69.53634101692178,50.83368741052654,32.86684354655204,-0.4244056151125619,-0.8421081748526049,0.41867477938006203,州巧
3090,65.711738284432,60.79961289041533,54.481779299200205,66.1363702356128,61.185962304804285,54.45728136889071,-0.42463195118079966,-0.38634941438895254,0.024497930309493654,日電貿
00980D,57.61051668906697,36.54630496074052,28.12951787139869,58.042618511070465,37.625801105530684,28.61380498600402,-0.4321018220034958,-1.0794961447901628,-0.4842871146053298,主動聯博投等入息
4953,58.746471865550106,45.640095438482284,37.896974167667324,59.1923793362228,46.44332439872392,37.896974167667324,-0.44590747067269376,-0.8032289602416327,0.0,緯軟
6690,64.51086543474406,59.733867516096815,59.733867516096815,64.964202999228,59.88386891610988,59.88386891610988,-0.45333756448393103,-0.1500014000130676,-0.1500014000130676,安碁資訊
2233,54.75440922455878,41.692216288809036,34.51680292201105,55.20815618280841,42.5824284139653,34.51182688073751,-0.4537469582496314,-0.8902121251562676,0.004976041273543785,宇隆
6239,67.62610383911681,61.78792356998055,56.13055118940302,68.080133646486,62.372336488552484,56.41473726141819,-0.45402980736919574,-0.5844129185719353,-0.2841860720151672,力成
2059,81.20671850232712,65.22091150922245,54.18696914423562,81.66175137049332,65.72241485026949,54.16051292740662,-0.4550328681661995,-0.5015033410470409,0.026456216828997015,川湖
3587,43.356183026848576,31.53180561719896,21.810232688996827,43.81671089181992,31.732303084608183,21.810232688996827,-0.4605278649713469,-0.20049746740922458,0.0,閎康
6173,69.69259170560747,65.20658995327103,58.98539661214953,70.15731191588786,66.24812149532711,56.44071203271028,-0.46472021028039023,-1.0415315420560773,2.5446845794392488,信昌電
3008,73.27284947207644,55.62339364662648,38.75616343549445,73.74215334176203,57.916646205757715,37.78038316537345,-0.46930386968558935,-2.2932525591312327,0.9757802701209997,大立光
6104,30.736032560924798,19.36435194081294,12.261754084784348,31.208401943409804,19.434798148521306,12.367315307939975,-0.47236938248500593,-0.07044620770836474,-0.1055612231556271,創惟
00719B,50.683591413891335,30.05204331637804,22.941697801385146,51.15673152977036,30.257422173921434,22.978459490569556,-0.47314011587902627,-0.20537885754339413,-0.03676168918440936,元大美債1-3
1476,85.12120572644001,78.5384101668075,71.59916882311744,85.59564160006043,79.10788367050306,71.50726349267133,-0.47443587362042194,-0.569473503695562,0.09190533044611016,儒鴻
4905,88.69325008533822,81.7199454655639,63.800792644057545,89.1819711549306,81.70285731627744,63.7837044947711,-0.4887210695923727,0.01708814928645097,0.017088149286443866,台聯電
3522,71.03061553375109,56.872272841367355,50.309939721243836,71.52657115495916,56.844413997823885,50.309939721243836,-0.49595562120806846,0.027858843543469902,0.0,御嵿
3563,60.44711282641018,50.39725389549965,39.46697056502901,60.946052349704246,50.57838967701153,39.50860384017988,-0.49893952329406943,-0.18113578151187681,-0.041633275150871896,牧德
6510,72.30689427703817,56.0302611018849,43.970856449385344,72.80866265008213,54.58819784471734,44.16521319203679,-0.5017683730439586,1.4420632571675611,-0.19435674265144343,精測
5236,69.40286918690373,62.484088154200556,60.89923814793931,69.90887513270357,62.47908849067792,60.89923814793931,-0.506005945799842,0.004999663522639253,0.0,凌陽創新
3546,46.982680477773854,34.60978058374188,23.07833957008699,47.49657409147612,34.62119077033267,23.07833957008699,-0.5138936137022654,-0.011410186590786964,0.0,宇峻
6127,28.91186157525474,21.140116246196754,16.654172343531766,29.425899584095085,22.19533425831079,17.009465538091405,-0.5140380088403447,-1.055218012114036,-0.35529319455963915,九豪
6907,71.80610909090909,65.23316683316683,62.26573426573426,72.32297142857142,65.95377262737263,62.26573426573426,-0.5168623376623316,-0.7206057942057953,0.0,雅特力-KY
8222,46.23840550650032,36.21262586859355,31.529897117691235,46.76210343645869,36.24908310061467,31.529897117691235,-0.5236979299583666,-0.036457232021120944,0.0,寶一
3515,78.21326723126158,69.66761630091571,61.801197852453924,78.73725147816901,69.3356651602467,61.801197852453924,-0.5239842469074318,0.33195114066900544,0.0,華擎
5243,64.94936848077376,56.57058256145541,49.66492070515021,65.47372657089734,57.30609136123614,51.68284860790803,-0.5243580901235845,-0.7355087997807317,-2.017927902757819,乙盛-KY
6560,57.50976105563975,40.52823866198671,32.29414022571099,58.03734690204364,40.52823866198671,32.29414022571099,-0.5275858464038876,0.0,0.0,欣普羅
4979,54.73986861469271,43.89027886625749,26.77464774099011,55.272216192754875,44.690224227256586,25.910252988575117,-0.5323475780621649,-0.7999453609990965,0.8643947524149915,華星光
3311,66.059562,57.316137,50.596695000000004,66.593707,57.98317899999999,51.962728000000006,-0.5341449999999952,-0.667041999999995,-1.3660330000000016,閎暉
3147,67.90856494031348,55.0521139883092,47.60362911193993,68.44414052371984,56.24226898032498,49.9556674184035,-0.5355755834063558,-1.1901549920157777,-2.3520383064635695,大綜
3004,70.30370256449989,58.304681681712225,45.848494110429854,70.84099387976653,58.3990858662598,45.8661573239508,-0.5372913152666428,-0.09440418454757804,-0.017663213520947352,豐達科
5263,68.70787069635159,55.17415424937372,42.64162494061237,69.246403433852,55.009905317907695,42.36545495565565,-0.5385327375004039,0.1642489314660267,0.2761699849567165,智崴
9938,63.730683054352,52.93788574429396,45.13020372514789,64.27098810110226,53.435970240448796,45.23488217710345,-0.5403050467502624,-0.4980844961548385,-0.10467845195556436,百和
2467,77.13495489421089,69.37642075978981,58.90439536914693,77.67810525258803,69.41389580514345,58.65621690031331,-0.5431503583771331,-0.03747504535364499,0.24817846883362193,志聖
8210,72.71922041345542,66.00944280293771,58.11998910366019,73.26318837187097,65.84127456470219,57.429760972038544,-0.5439679584155499,0.1681682382355234,0.6902281316216445,勤誠
6804,75.95999789473684,64.23889684210526,47.178160000000005,76.50661473684211,64.01784421052632,47.178160000000005,-0.5466168421052657,0.22105263157894228,0.0,明係
4924,81.2938206551327,71.04091444047988,55.94753033742579,81.84273292224289,71.03015145485026,50.84318440258259,-0.5489122671101825,0.010762985629625632,5.104345934843202,欣厚-KY
4807,80.64887377002285,68.25303730718439,63.324185109520705,81.21271534805105,68.24079141755806,63.324185109520705,-0.5638415780282031,0.012245889626328221,0.0,日成-KY
6642,74.01736411414626,58.8177080316929,46.240642495646085,74.5835189633532,58.8043389269133,46.240642495646085,-0.5661548492069386,0.013369104779599184,0.0,富致
7631,80.26750570946281,71.79354085989475,52.83114387846292,80.84239400258167,71.84318836262537,52.880791381193525,-0.5748882931188604,-0.049647502730621795,-0.049647502730607584,聚賢研發-創
6441,53.42431788453482,45.199739474694574,41.869399415350365,53.999893732802974,45.96307779435887,41.869399415350365,-0.5755758482681514,-0.7633383196642924,0.0,廣錠
3211,54.81864581077619,47.93571988595813,39.1815285600636,55.40064136636034,49.29712505106612,39.30559385152044,-0.5819955555841503,-1.361405165107989,-0.1240652914568443,順達
3227,51.36572917252118,38.97305930199107,25.47004814773987,51.95054872319484,39.660907667042395,26.52015686731738,-0.5848195506736644,-0.6878483650513232,-1.0501087195775085,原相
3013,50.403629871716696,44.60993678771747,39.71131856834781,50.99709060586404,45.16102818709252,39.87382940917163,-0.5934607341473424,-0.5510913993750464,-0.1625108408238205,晟銘電
7823,85.09010360727947,72.63094531079945,62.35608250482445,85.68599998387621,72.69962070282396,62.3441389583854,-0.5958963765967411,-0.06867539202451667,0.011943546439049157,奧義賽博-KY創
6531,77.60528940748853,64.83290861951801,51.81466078630611,78.20186815248172,65.55451641976518,53.62684088359349,-0.5965787449931952,-0.7216078002471704,-1.8121800972873743,愛普
3551,58.65177602080068,50.33819409395986,34.23687460547903,59.24900870960993,50.57112585827128,34.23687460547903,-0.5972326888092496,-0.2329317643114166,0.0,世禾
6918,71.00345086922565,48.991070550461366,27.666900002892596,71.60800381822915,49.15016343177808,27.892522634578114,-0.6045529490035051,-0.15909288131671673,-0.22562263168551766,愛派司
8473,73.77659943210978,65.98703713974467,63.036031480932664,74.3815890218281,66.9969071542284,65.05935190189598,-0.6049895897183291,-1.0098700144837238,-2.0233204209633158,山林水
6533,31.78131386422645,19.708640581015413,15.87841332212169,32.39805301823693,19.94160776298772,16.111380504093994,-0.6167391540104781,-0.23296718197230604,-0.23296718197230426,晶心科
6438,45.40624702539616,33.85562728901943,21.78560834582984,46.03477165534404,34.55610015409398,21.769794477493065,-0.6285246299478757,-0.700472865074552,0.01581386833677456,迅得
3234,46.85437121458922,34.92965291171202,27.45138780020132,47.5001931380084,34.64243256218192,27.008975274854315,-0.6458219234191773,0.2872203495301022,0.4424125253470059,光環
5289,44.748265711619226,30.03370744085412,18.693771298183968,45.40418077893729,30.414170498649597,21.153267662723795,-0.6559150673180625,-0.3804630577954775,-2.4594963645398273,宜鼎
1591,39.189165215234304,20.425187658120798,8.042875367558286,39.857128540658074,20.409418123353348,8.042875367558286,-0.66796332542377,0.015769534767450466,0.0,駿吉-KY
5321,77.21527962855978,60.32855433964368,45.89314045180915,77.88358993240348,60.170685631692066,46.37682330170344,-0.6683103038436968,0.15786870795161434,-0.48368284989428645,美而快
3706,60.46733370500556,55.72235243649022,52.71271276212875,61.14183595809921,56.35560281671494,53.352049432374685,-0.6745022530936495,-0.6332503802247231,-0.6393366702459318,神達投控
6994,58.15243886595346,45.007061628578306,36.98240708515274,58.83827866673249,45.4457953311471,36.64126235093947,-0.6858398007790356,-0.43873370256879696,0.3411447342132661,富威電力
4304,87.08426291036585,80.97321073333501,74.64772023818252,87.77071979591751,80.97321073333501,74.64772023818252,-0.6864568855516637,0.0,0.0,勝昱
3095,65.5383719346049,54.42331062670299,41.4275136239782,66.23319482288828,54.42331062670299,41.4275136239782,-0.6948228882833831,0.0,0.0,及成
6689,56.743275000000004,49.09216911764706,33.95260735294118,57.45541029411765,48.96273676470588,35.7772,-0.712135294117644,0.12943235294117983,-1.8245926470588216,伊雲谷
3583,69.02225368681134,59.735804933836036,49.15670351168569,69.73725332358104,60.00410524167312,48.0343445572528,-0.7149996367697042,-0.26830030783708736,1.1223589544328902,辛耘
6449,77.96288892356772,71.20583821065179,62.00615307161515,78.69531441983499,71.45893575801497,62.73671413924989,-0.7324254962672683,-0.2530975473631827,-0.7305610676347385,鈺邦
00697B,35.65759378964538,22.819520630701383,19.249223705672687,36.40902270513757,23.362349342585826,19.491605794984174,-0.7514289154921912,-0.542828711884443,-0.2423820893114872,元大美債7-10
6725,72.21878804201455,64.54286560732562,58.6689092378131,72.99270670616752,64.54286560732562,58.6689092378131,-0.7739186641529727,0.0,0.0,矽科宏晟
1597,59.62080264476841,49.49931215819927,37.11431599567492,60.413273744725124,50.898004481289675,36.939549193964304,-0.7924710999567139,-1.3986923230904083,0.17476680171061787,直得
3680,67.96046694524355,57.17580928496577,43.987901028028375,68.7686800544234,58.1979931840152,43.43364303586011,-0.8082131091798459,-1.0221838990494305,0.5542579921682673,家登
4971,57.072546256185895,44.410427107187864,22.038182168711426,57.88211070449818,43.68814537899721,22.078448568670414,-0.8095644483122868,0.7222817281906515,-0.04026639995898762,IET-KY
3324,70.03501865509661,59.797006473493674,37.22545864440875,70.85085337458057,59.63627863241802,37.20207433954118,-0.8158347194839592,0.16072784107565496,0.023384304867569483,雙鴻
3708,58.76100743525894,49.45931941852228,38.01610666672134,59.58260561076689,50.385654845857275,40.681803714696066,-0.8215981755079511,-0.9263354273349975,-2.6656970479747244,上緯投控
6672,41.09214793490976,32.554733788357716,17.611339335231023,41.92181924030106,32.98645769790523,17.525731751671113,-0.829671305391301,-0.4317239095475145,0.08560758355990927,騰輝電子-KY
4540,36.6466590368522,29.904208405128358,25.53947710154514,37.47719745897105,30.769589384276614,26.447567863810416,-0.830538422118849,-0.8653809791482558,-0.9080907622652781,全球傳動
2049,78.48804513066764,70.43103234825048,60.338346313079114,79.32478451194972,71.34785347468333,60.81380671322808,-0.8367393812820723,-0.9168211264328505,-0.4754604001489682,上銀
3163,38.94541015690011,27.85816761745635,17.598830120281665,39.78615395068461,28.178833136067418,18.776270436729945,-0.8407437937844975,-0.32066551861106873,-1.1774403164482798,波若威
6770,54.66035584475911,47.20066974391391,42.60912815940687,55.52157543620368,48.19145313294888,43.56094291393867,-0.8612195914445735,-0.9907833890349664,-0.9518147545317959,力積電
8271,49.66401891264263,41.89145791395795,35.60242405800846,50.52827073063406,41.95826891332736,36.59934428055852,-0.8642518179914305,-0.06681099936940882,-0.9969202225500595,宇瞻
3260,44.73194225384613,35.908595241348635,30.28000419465904,45.61084644539511,36.85744071418896,29.746738999121273,-0.8789041915489832,-0.9488454728403255,0.5332651955377656,威剛
5410,42.35494078145815,33.66161524406522,26.982204275852244,43.23871589635019,34.3811046128298,27.061461090811058,-0.8837751148920461,-0.7194893687645845,-0.0792568149588142,國眾
2486,48.17770316650587,36.84658100824151,29.19756582179079,49.063611225456135,37.91074589372374,30.746589831240033,-0.8859080589502639,-1.064164885482235,-1.5490240094492442,一詮
3289,37.01884312831945,26.684520324198925,13.07732515980409,37.90571942196867,26.626871803086726,13.117950490401494,-0.886876293649216,0.05764852111219909,-0.04062533059740403,宜特
00984B,58.23269699329331,35.92591829728802,29.07121649795283,59.12409485307819,36.377620247421675,29.706977874636443,-0.8913978597848811,-0.45170195013365344,-0.6357613766836145,大華優利美A債15
6274,72.5047651798076,63.338950338325986,53.877577035447224,73.42531535443457,63.55108396439714,52.03874735101153,-0.9205501746269675,-0.21213362607115016,1.8388296844356944,台燿
3704,71.96331730770503,64.78762807021108,58.68318420126738,72.89834463515108,65.69751969797588,59.41409833413075,-0.9350273274460505,-0.909891627764793,-0.7309141328633686,合勤控
6933,77.72387515141976,66.75323476655409,60.096023740955786,78.66614354602854,66.63425514718945,60.29849875356901,-0.9422683946087744,0.1189796193646373,-0.20247501261322043,AMAX-KY
3363,54.613909133346716,37.87277126134015,29.21850081934209,55.58286505205488,38.993767076153354,28.567324906078657,-0.9689559187081613,-1.120995814813206,0.6511759132634332,上詮
4991,58.826724919937135,47.13143187880442,37.64494117714528,59.80981047958882,47.58246878432378,39.459389568679335,-0.9830855596516841,-0.45103690551935927,-1.8144483915340572,環宇-KY
6706,39.043022754855535,24.553575071636736,15.357333005828316,40.03990200667648,25.339503087183328,15.414621770726214,-0.9968792518209426,-0.7859280155465918,-0.05728876489789769,惠特
5351,48.33750246536577,38.20067178828756,30.980362167016235,49.343193939012664,39.40684829015444,32.83167520743747,-1.0056914736468912,-1.206176501866885,-1.8513130404212355,鈺創
7788,83.95947618333625,69.27427814460847,55.717441502045126,85.03520672192269,69.61880454607919,55.93861248928206,-1.0757305385864413,-0.34452640147071634,-0.22117098723693118,松川精密
3141,42.2447355662935,28.751332746219994,16.79185231290109,43.32830581756381,30.852798027604507,18.875081618613592,-1.0835702512703094,-2.101465281384513,-2.0832293057125035,晶宏
6209,44.159310289458844,37.86947647260822,30.011025602041357,45.27163428452386,38.40158784800079,31.971054363847717,-1.1123239950650188,-0.5321113753925673,-1.9600287618063597,今國光
6139,71.97294403730666,62.279548379951066,51.72658452702028,73.0896635172816,63.37584767435545,51.867855025673194,-1.1167194799749325,-1.096299294404382,-0.14127049865291497,亞翔
4541,49.290297400620524,38.111718308323425,27.11720484323134,50.43710689722724,39.57635384877287,29.885556902480975,-1.1468094966067142,-1.4646355404494429,-2.768352059249633,晟田
7711,74.62434159230114,61.19758531484707,52.68656421867396,75.78584065970581,61.60444750377769,54.10112447698198,-1.1614990674046766,-0.4068621889306243,-1.414560258308022,永擎
6517,34.176244764676,19.704432965926056,17.96795015202073,35.3404142371577,21.249945183063716,17.96795015202073,-1.1641694724817029,-1.5455122171376594,0.0,保勝光學
6727,52.846765590034614,25.889336318534134,4.805800824775108,54.01912805439423,28.120738083222708,5.891941568454931,-1.1723624643596153,-2.2314017646885738,-1.086140743679823,亞泰金屬
7610,60.634261455349794,50.0622436422286,39.66859828494999,61.807807093633336,50.70499762145839,40.3088854589325,-1.1735456382835423,-0.6427539792297878,-0.6402871739825144,聯友金屬-創
3374,73.57746550581838,67.85963081453937,64.67497959459047,74.77380113603441,69.04957024636946,64.8335299177656,-1.1963356302160264,-1.1899394318300835,-0.15855032317513462,精材
3029,51.947535026631385,41.692877225891614,35.27986839117332,53.170019029106705,42.95660844405263,36.23958993567219,-1.2224840024753192,-1.2637312181610127,-0.9597215444988692,零壹
4764,82.35899580238863,73.87924798984756,66.32925747291993,83.59557430355139,75.18228517802154,66.54396991271966,-1.2365785011627537,-1.3030371881739882,-0.21471243979972598,雙鍵
3498,64.65446579675019,54.981474061139615,48.02637076345265,65.90252105788572,55.21154110795409,48.62854293035524,-1.2480552611355336,-0.23006704681447587,-0.6021721669025908,陽程
8033,35.83798313518925,25.96891358200544,17.8155682955893,37.141071230887604,27.621977859108416,18.109874109953683,-1.3030880956983566,-1.653064277102974,-0.29430581436438175,雷虎
5340,64.65593362347538,59.207976292174955,52.32070450370644,65.97523410217056,59.848124388295574,52.42534653356428,-1.3193004786951832,-0.640148096120619,-0.10464202985784254,建榮
3081,66.1733104904908,46.56831170323726,29.870335568971473,67.51200296703307,48.575068102268155,33.06845176552971,-1.3386924765422634,-2.006756399030891,-3.198116196558235,聯亞
00856B,73.76509128386337,65.5642667844523,59.59646643109541,75.17851884570082,58.40388692579506,44.16961130742049,-1.4134275618374517,7.160379858657244,15.426855123674919,永豐1-3年美公債
8150,65.41204667282987,60.238772204618876,53.66088706646658,66.86984637038019,61.9765116127643,55.867961245604306,-1.457799697550314,-1.7377394081454227,-2.2070741791377273,南茂
8112,45.84839302068784,37.036513829798224,32.82450505204711,47.31405981397373,38.31838184708805,34.411025982694994,-1.465666793285891,-1.281868017289824,-1.586520930647886,至上
4939,45.693131755210146,36.00452391113284,27.184766839331807,47.22664671355044,38.057057703400346,29.46901039611992,-1.533514958340291,-2.0525337922675035,-2.2842435567881125,亞電
6830,47.80884591539398,31.046381081959012,17.643362356589403,49.35449825324525,30.319760266093425,17.648844177291366,-1.5456523378512657,0.7266208158655871,-0.005481820701962903,汎銓
8039,64.91366088282398,57.41214476854623,49.392516505846665,66.5292674486057,58.81364558850093,50.92419070937962,-1.615606565781718,-1.4015008199547054,-1.5316742035329582,台虹
6442,68.573047748972,54.36166313066908,37.99140556050858,70.2014550618674,56.23447765829024,37.8739491007993,-1.6284073128954049,-1.8728145276211592,0.11745645970928109,光聖
6829,73.74946340144332,66.12615389815613,63.00258581351721,75.4180668931366,67.76695397927969,63.00258581351721,-1.6686034916932755,-1.6408000811235581,0.0,千附精密
3167,71.74732264451654,55.57134405947844,41.67885950541317,73.4269026178619,56.932895180742115,46.96419450858724,-1.679579973345355,-1.3615511212636733,-5.285335003174069,大量
3376,51.60280879250235,40.1802950313442,27.084036045215292,53.42626526383169,42.59544918775372,29.003662601964148,-1.8234564713293366,-2.415154156409521,-1.919626556748856,新日興
3016,74.01201103586284,69.9197831955913,66.3545547382632,75.89489837986164,71.44503252894857,67.98720380581332,-1.882887343998803,-1.52524933335728,-1.632649067550119,嘉晶
6739,67.00745965587261,57.36469808699369,48.11250187025756,68.91812333012717,57.37752271027039,48.11250187025756,-1.9106636742545646,-0.012824623276699754,0.0,竹陞科技
3450,54.22113513448136,43.78583462367209,31.690877287256924,56.2187623947719,47.10626097712335,34.4059538095266,-1.9976272602905425,-3.3204263534512606,-2.715076522269676,聯鈞
4416,76.95658696283229,67.47776380339073,53.60573997740582,78.97784738562372,70.49147915792324,56.862707420478344,-2.0212604227914284,-3.0137153545325077,-3.2569674430725257,三圓
3490,37.934521660965665,24.23484815912902,16.27737736503011,39.96192081890055,27.905938641542576,18.945525191734387,-2.0273991579348873,-3.6710904824135575,-2.6681478267042777,單井
00859B,41.371119930769,21.499979111336575,11.48329503745039,43.50000302929327,24.339223289206625,16.79873375541486,-2.1288830985242697,-2.83924417787005,-5.315438717964472,群益0-1年美債
5314,56.457215828054,44.459764337125605,40.035274055524226,58.623391157252314,46.94478597963448,42.59504270456731,-2.1661753291983175,-2.485021642508876,-2.559768649043086,世紀*
2464,56.68274566902123,48.23089427155946,40.78130547984787,59.0296854711455,50.82226580163615,43.68572835884951,-2.3469398021242682,-2.5913715300766924,-2.904422879001636,盟立
5475,30.852662105648243,23.677841823347432,17.93899403775045,33.22864092689283,25.83751729185937,20.785979741819947,-2.375978821244587,-2.1596754685119386,-2.846985704069496,德宏
5386,44.22755046523069,36.7692330205829,32.374678504712065,46.64148632585139,37.930952610507184,32.374678504712065,-2.413935860620697,-1.1617195899242816,0.0,青雲
6265,53.79421671016211,44.06360936935133,37.61461192324408,56.24984011672937,46.98008416551544,38.64446539523513,-2.4556234065672555,-2.9164747961641098,-1.0298534719910535,方土昶
6141,60.78957245489474,50.38949792731188,38.46012322193645,63.248346628775934,52.12844574834388,40.21270002766995,-2.4587741738811957,-1.7389478210319993,-1.7525768057335043,柏承
3624,59.68424532014181,53.27466714445427,45.92801115233177,62.1797114767593,57.11136962865837,47.03324354873813,-2.495466156617489,-3.8367024842041033,-1.1052323964063575,光頡
3229,76.02615190700715,70.73837822697354,67.46861179839098,78.60340320246488,71.02260087453122,69.4619827894745,-2.577251295457728,-0.28422264755768367,-1.9933709910835233,晟鈦
4908,63.33201081449052,56.210583729678795,44.24082890416518,66.00564632401023,57.77884952673978,44.16539764222587,-2.6736355095197055,-1.5682657970609881,0.0754312619393076,前鼎
6213,72.20435667048088,63.84907548574886,55.694080746198324,75.01689015177494,66.96144405351015,59.41096469199651,-2.812533481294068,-3.112368567761287,-3.7168839457981875,聯茂
4931,37.15588029277544,25.80239552205882,11.708643700133461,40.26703294668047,31.001412433011165,15.315372226570197,-3.1111526539050303,-5.199016910952345,-3.6067285264367364,新盛力
2492,67.10516619937462,63.229100050033715,59.31038407301409,70.37082821448084,66.1200093633044,62.70069181141239,-3.2656620151062157,-2.89090931327069,-3.390307738398299,華新科
3006,66.33569824832294,56.720474153905,47.03075416562655,69.79540431448669,60.800912585685005,50.259491195926245,-3.459706066163747,-4.080438431780003,-3.2287370302996976,晶豪科
3661,53.43773006455422,33.483388631249916,10.706965624181821,57.21714242796783,35.7869870839867,12.736005423734218,-3.7794123634136056,-2.303598452736786,-2.0290397995523968,世芯-KY
6861,59.07979350589253,48.55856776263995,48.55856776263995,63.08039207437635,51.31823290083355,48.55856776263995,-4.000598568483817,-2.759665138193597,0.0,睿生光電
1815,57.19308601792288,51.397807138105186,47.66719682518357,62.86165006665952,56.98330600286267,52.93316068512184,-5.668564048736641,-5.585498864757483,-5.2659638599382745,富喬
00793B,36.993250327653996,0.0,0.0,45.085291214215204,23.20740375123396,0.0,-8.092040886561207,-23.20740375123396,0.0,群益AAA-A醫療債
6129,25.900592200038215,16.427779271030722,12.850151693186923,100.0,100.0,100.0,-74.09940779996178,-83.57222072896928,-87.14984830681308,普誠
